id,url,tipo,robots,clics_gsc,impresiones_gsc,palabra_clave,largo_titulo,largo_descripcion,codigo,error
8371,https://www.publi20.com/publicidad/creatividad/comerciales-prohibidos-censurados/,editorial,index,34,887,comerciales prohibidos,61,149,200,
5413,https://www.publi20.com/publicidad/creatividad/converse-x-brain-dead/,editorial,index,1,5,Converse x Brain Dead,66,150,200,
5412,https://www.publi20.com/negocios/automotriz/amda-retail-digital-y-la-innovacion-en-el-mercado-de-autos-seminuevos-en-mexico/,editorial,index,0,351,AMDA Retail Digital,77,155,200,
5411,https://www.publi20.com/negocios/automotriz/autofintech-mexico/,editorial,index,3,37,autofintech,80,155,200,
5410,https://www.publi20.com/publicidad/medios/canela-tv-plataforma-de-streaming-gratuito-llega-a-mexico/,editorial,index,2,898,Canela TV,66,157,200,
5409,https://www.publi20.com/negocios/automotriz/que-significa-la-llegada-de-facebook-marketplace-para-las-agencias-de-autos/,editorial,index,1,222,Facebook Marketplace autos,72,155,200,
5408,https://www.publi20.com/negocios/automotriz/equipo-interno-de-marketing-digital-o-agencia-externa-la-experiencia-del-sector-automotriz/,editorial,index,0,545,agencia de marketing automotriz,82,153,200,
5388,https://www.publi20.com/noticias/genius-plaza-lanza-sammie-seal-un-juego-de-lenguaje-educativo-bilinge-y-gratuito/,archivo,noindex,0,0,,84,154,200,
5389,https://www.publi20.com/noticias/havas-edge-nombra-a-nicole-cordero-como-vicepresidenta-de-medios-hispanos-de-ee-uu/,archivo,noindex,0,0,,84,126,200,
5390,https://www.publi20.com/noticias/fast-evolving-watersport-company-flydive-anuncia-la-adquisicion-de-aquafly/,archivo,noindex,0,0,,76,124,200,
5391,https://www.publi20.com/noticias/el-futuro-de-los-viajes-internacionales-y-el-papel-del-seguro/,archivo,noindex,0,0,,62,118,200,
5392,https://www.publi20.com/noticias/se-estrena-exhibicion-sobre-educacion-en-ddhh-en-la-sede-de-la-onu-ginebra/,archivo,noindex,0,0,,75,156,200,
5393,https://www.publi20.com/noticias/alberto-moreno-nuevo-director-de-vanity-fair-de-espana-y-mexico/,archivo,noindex,0,0,,64,156,200,
5394,https://www.publi20.com/noticias/para-mejorar-la-vida-de-casi-2-millones-de-trabajadores-el-grupo-hm-alentara-a-los-proveedores-a-pagarles-a-los-trabajadores-de-manera-digital/,archivo,noindex,0,0,,144,154,200,
5395,https://www.publi20.com/noticias/dugout-la-maxima-expresion-de-plataforma-futbolistica-para-los-aficionados-lanza-su-primera-aplicacion/,archivo,noindex,0,0,,104,151,200,
5396,https://www.publi20.com/noticias/cendyn-es-ahora-el-mayor-integrante-de-crm-en-la-industria-hospitalaria/,archivo,noindex,0,0,,72,124,200,
5397,https://www.publi20.com/noticias/attain-anuncia-licencia-de-paternidad-pagada/,archivo,noindex,0,0,,45,121,200,
5398,https://www.publi20.com/noticias/michelin-presenta-el-nuevo-neumatico-defender-el-neumatico-mas-largo-entre-los-principales-competidores/,archivo,noindex,0,0,,104,125,200,
5399,https://www.publi20.com/noticias/miranda-xmod-el-primer-conjunto-de-biela-y-plato-para-bicicletas-totalmente-modular-del-mundo/,archivo,noindex,0,0,,94,152,200,
5400,https://www.publi20.com/noticias/movado-se-asocia-con-google-para-lanzar-una-nueva-coleccion-de-relojes-inteligentes/,archivo,noindex,0,0,,83,157,200,
5401,https://www.publi20.com/noticias/donde-el-retorno-a-la-vida-silvestre-produce-maravillas-se-inaugura-en-shanghai-leden-by-perrier-jout/,archivo,noindex,0,0,,104,150,200,
5402,https://www.publi20.com/noticias/smirnoff-lanza-la-iniciativa-equalizing-music-en-un-esfuerzo-por-duplicar-la-cantidad-de-figuras-femeninas-destacadas-para-el-ano-2020/,archivo,noindex,0,0,,137,152,200,
5403,https://www.publi20.com/noticias/mas-seguidores-menos-oportunidades-de-encontrar-el-amor/,archivo,noindex,0,0,,57,154,200,
5404,https://www.publi20.com/noticias/el-primer-destino-en-linea-global-para-la-moda-recatada-de-lujo-se-lanza-el-dia-internacional-de-la-mujer-el-8-de-marzo-de-2017/,archivo,noindex,0,0,,127,156,200,
5405,https://www.publi20.com/noticias/la-fundacion-tory-burch-lanza-una-campana-alentando-a-las-mujeres-a-ser-mas-ambiciosas-con-el-hashtag-embraceambition/,archivo,noindex,0,0,,120,149,200,
5406,https://www.publi20.com/noticias/zte-corporation-llega-a-un-arreglo-con-las-autoridades-estadounidenses/,archivo,noindex,0,0,,70,156,200,
5407,https://www.publi20.com/noticias/qs-world-university-rankings-by-subject-2017/,archivo,noindex,0,35,,44,149,200,
5387,https://www.publi20.com/emprendimiento/liderazgo/infografia-claves-para-edificar-tu-marca-personal/,editorial,index,1,162,infografía marca personal,72,143,200,
5386,https://www.publi20.com/emprendimiento/liderazgo/si-tu-puedes-despedir-a-un-cliente/,editorial,index,1,3,despedir a un cliente,60,138,200,
5365,https://www.publi20.com/publicidad/creatividad/ya-vienen-los-effies/,editorial,index,0,0,premios Effie,73,154,200,
5344,https://www.publi20.com/mercadotecnia/marketing-digital/por-que-snapchat-se-ha-convertido-en-una-interesante-herramienta-para-el-marketing-digital/,editorial,index,0,0,Snapchat marketing digital,76,152,200,
5345,https://www.publi20.com/noticias/pew-nombra-a-10-cientificos-latinoamericanos-como-becarios/,archivo,noindex,0,0,,58,156,200,
5346,https://www.publi20.com/noticias/carrier-ethernet-20-llega-a-brasil-tim-se-asocia-con-accedian-para-obtener-certificacion-mef/,archivo,noindex,0,0,,94,156,200,
5347,https://www.publi20.com/noticias/pacific-anuncia-dictamen-de-reconocimiento-del-tribunal-de-bancarrotas-de-estados-unidos-segun-lo-dispuesto-en-el-capitulo-15/,archivo,noindex,0,0,,125,156,200,
5348,https://www.publi20.com/noticias/bulldog-gin-crea-division-region-america/,archivo,noindex,0,0,,43,158,200,
5349,https://www.publi20.com/noticias/la-division-consumer-healthdesempenara-un-papel-fundamental-en-la-estrategia-de-crecimiento-de-merck-para-africa/,archivo,noindex,0,0,,112,152,200,
5350,https://www.publi20.com/noticias/nucor-y-jfe-steel-forman-empresa-conjunta-para-abastecer-al-mercado-automotriz-de-mexico/,archivo,noindex,0,0,,88,158,200,
5351,https://www.publi20.com/noticias/spin-master-mexico-se-expande-con-nuevas-oficinas-corporativas-y-contrataciones-de-talento-senior/,archivo,noindex,0,0,,97,156,200,
5352,https://www.publi20.com/noticias/la-competencia-de-diseno-innovador-medioambiental-xcmg-cup-se-enfoca-en-las-tecnologias-medioambientales-limpias/,archivo,noindex,0,0,,114,154,200,
5353,https://www.publi20.com/noticias/conozca-una-de-las-7-maravillas-de-la-ingenieria-moderna-la-torre-cn-de-toronto-by-iway-magazine/,archivo,noindex,0,0,,97,155,200,
5354,https://www.publi20.com/noticias/pancho-guru-el-origen-by-yellowlink/,archivo,noindex,0,0,,36,157,200,
5355,https://www.publi20.com/noticias/papa-merece-tecnologia-best-buy/,archivo,noindex,0,0,,31,148,200,
5356,https://www.publi20.com/noticias/ifly-res-de-ibs-recibe-estatus-ndc-capable-nivel-3-de-iata/,archivo,noindex,0,0,,60,153,200,
5357,https://www.publi20.com/noticias/netflix-y-los-maratones-un-nuevo-indice-revela-que-series-devoramos-y-cuales-saboreamos/,archivo,noindex,0,0,,88,156,200,
5358,https://www.publi20.com/noticias/pruebas-realizadas-por-un-laboratorio-independiente-demuestran-una-diferencia-de-rendimiento-de-hasta-el-40-entre-los-turbocargadores-para-el-mercado-postventa-originales-de-honeywell-y-sus-copias/,archivo,noindex,0,0,,198,147,200,
5359,https://www.publi20.com/noticias/wyndham-hotel-group-revela-su-estrategia-de-transformacion-global-a-lo-largo-de-16-marcas/,archivo,noindex,0,0,,89,158,200,
5360,https://www.publi20.com/noticias/la-desigualdad-global-en-materia-de-paz-se-ha-ampliado-el-ano-pasado-al-aumentar-la-violencia-en-los-paises-menos-pacificos/,archivo,noindex,0,0,,123,157,200,
5361,https://www.publi20.com/noticias/equisoft-gana-un-premio-de-excelencia-de-la-industria/,archivo,noindex,0,0,,53,141,200,
5362,https://www.publi20.com/noticias/rafael-valdez-de-envision-fue-nominado-como-campeon-de-la-industria-eolica-en-la-conferencia-sobre-energias-renovables-2016-de-mexico/,archivo,noindex,0,0,,135,155,200,
5363,https://www.publi20.com/noticias/reciclaje-de-eps-una-realidad-para-cuidar-el-medio-ambiente/,archivo,noindex,0,0,,60,153,200,
5364,https://www.publi20.com/noticias/los-megaataques-alcanzan-un-nuevo-record-se-dispara-el-numero-de-ataques-repetidos-los-sitios-de-stresserbooter-lanzan-vectores-de-ataque-multiples-de-forma-simultanea/,archivo,noindex,0,0,,170,157,200,
5343,https://www.publi20.com/mercadotecnia/marketing-digital/los-numeros-no-importan-la-influencia-si/,editorial,index,2,123,impresiones vs influencia,75,146,200,
5342,https://www.publi20.com/publicidad/etica-en-las-agencias-de-publicidad-y-anarquia-en-los-negocios/,editorial,index,4,224,ética en las agencias de publicidad,92,153,200,
5322,https://www.publi20.com/noticias/phenomenome-discoveries-anuncia-la-exitosa-validacion-de-ovaware-un-simple-analisis-de-sangre-para-la-deteccion-precoz-de-cancer-de-ovario/,archivo,noindex,0,0,,140,157,200,
5323,https://www.publi20.com/noticias/la-compania-de-busqueda-de-ejecutivos-kincannon-reed-expande-su-presencia-en-latinoamerica/,archivo,index,1,24,,92,157,200,
5324,https://www.publi20.com/noticias/bridgestone-extiende-alianza-premium-con-grupo-bmw/,archivo,noindex,0,0,,50,155,200,
5325,https://www.publi20.com/noticias/huawei-permite-a-las-portadoras-hacer-realidad-un-futuro-digital-mediante-la-transformacion-de-las-operaciones-y-un-ecosistema-abierto/,archivo,noindex,0,0,,134,156,200,
5326,https://www.publi20.com/noticias/impartner-se-asocia-con-expertos-del-sector-de-canales-de-venta-indirecta-para-abordar-los-principales-desafios-que-desvelan-a-los-directores-de-canal/,archivo,noindex,0,0,,150,153,200,
5327,https://www.publi20.com/noticias/conceden-el-be-open-young-talent-award-a-jovenes-de-chile/,archivo,noindex,0,0,,57,154,200,
5328,https://www.publi20.com/noticias/ningxia-ansia-recibir-mas-visitantes-americanos-y-celebra-un-evento-en-los-angeles/,archivo,noindex,0,0,,82,151,200,
5329,https://www.publi20.com/noticias/visa-inc-designa-a-eduardo-perez-lider-de-riesgo-para-america-latina-y-el-caribe/,archivo,noindex,0,0,,81,154,200,
5330,https://www.publi20.com/noticias/risen-coloca-22-mwp-en-europa-del-este/,archivo,noindex,0,0,,38,157,200,
5331,https://www.publi20.com/noticias/dunkin-brands-dona-us10000-para-ayudar-a-los-damnificados-del-reciente-terremoto-en-ecuador/,archivo,noindex,0,0,,94,155,200,
5332,https://www.publi20.com/noticias/wyndham-rewards-presenta-niveles-de-miembro-y-amplia-su-premiado-programa-de-lealtad-con-la-primera-experiencia-mejorada-en-canje-de-puntos-del-sector/,archivo,noindex,0,0,,150,157,200,
5333,https://www.publi20.com/noticias/la-119a-feria-de-canton-finaliza-con-acuerdos-comerciales-por-un-total-de-us28000-millones/,archivo,noindex,0,0,,93,157,200,
5334,https://www.publi20.com/noticias/la-provincia-de-neuquen-anuncia-la-modificacion-del-coeficiente-de-cambio-de-su-oferta-de-cambio/,archivo,noindex,0,0,,96,157,200,
5335,https://www.publi20.com/noticias/un-nuevo-registro-de-multiples-centros-estudiara-los-beneficios-de-la-terapia-stretta-para-pacientes-gerd-luego-de-una-gastrectomia-en-manga/,archivo,noindex,0,0,,140,153,200,
5336,https://www.publi20.com/noticias/octopus-dentro-del-top-100-de-mejores-agencias-marketing-digital-en-mexico/,archivo,noindex,0,0,,75,152,200,
5337,https://www.publi20.com/noticias/eurasia-media-forum-coincidira-el-ano-que-viene-con-astana-expo-2017/,archivo,noindex,0,0,,68,156,200,
5338,https://www.publi20.com/noticias/american-bookkeeping-institute-ahora-ensena-a-los-estudiantes-a-trabajar-en-linea-como-contadores-independientes/,archivo,noindex,0,0,,112,148,200,
5339,https://www.publi20.com/noticias/comba-telecom-ofrece-conectividad-inalambrica-para-los-108-millones-de-pasajeros-de-un-aeropuerto-regional/,archivo,noindex,0,0,,107,155,200,
5340,https://www.publi20.com/noticias/despega-el-deporte-del-futuro-mountain-dew-se-asocia-con-dr1-racing/,archivo,noindex,0,0,,69,156,200,
5341,https://www.publi20.com/noticias/el-grupo-expansion-firma-contrato-con-navegg/,archivo,noindex,0,0,,44,157,200,
5301,https://www.publi20.com/publicidad/creatividad/como-la-ves-verdad-que-todo-depende/,editorial,index,1,175,personalidad de marca,68,153,200,
5302,https://www.publi20.com/noticias/proximamente-seran-anunciados-los-ganadores-de-la-tarjeta-verde-2017/,archivo,noindex,0,0,,68,155,200,
5303,https://www.publi20.com/noticias/pew-se-congratula-del-amplio-apoyo-mundial-a-las-propuestas-de-proteccion-de-tiburones-y-rayas/,archivo,noindex,0,0,,94,150,200,
5305,https://www.publi20.com/noticias/rotarios-asistieron-a-la-audiencia-del-jubileo-en-la-ciudad-del-vaticano/,archivo,noindex,0,0,,72,156,200,
5300,https://www.publi20.com/mercadotecnia/marketing-digital/las-redes-sociales-como-canal-de-atencion-a-clientes/,editorial,index,0,0,redes sociales para atención a clientes,67,142,200,
5306,https://www.publi20.com/noticias/fibra-prologis-anuncia-los-resultados-de-la-asamblea-anual-ordinaria-de-tenedores/,archivo,noindex,0,0,,81,152,200,
5307,https://www.publi20.com/noticias/fibra-prologis-anuncia-asamblea-extraordinaria-de-tenedores/,archivo,noindex,0,0,,59,151,200,
5308,https://www.publi20.com/noticias/el-salvador-presenta-logros-de-foro-de-inversiones-realizado-en-chile-by-contra-punto-diario-digital/,archivo,noindex,0,0,,100,150,200,
5309,https://www.publi20.com/noticias/comunicado-al-mercado-itau-unibanco-holding-archiva-formulario-20-f-de-2015-en-sec-y-cvm/,archivo,noindex,0,0,,90,158,200,
5310,https://www.publi20.com/noticias/bladex-registra-reporte-anual-formulario-20-f/,archivo,noindex,0,0,,45,153,200,
5311,https://www.publi20.com/noticias/la-marca-sothebys-international-realty-se-extiende-a-nicaragua/,archivo,noindex,0,0,,64,157,200,
5312,https://www.publi20.com/noticias/m-holland-finaliza-adquisiciones-en-puerto-rico/,archivo,noindex,0,0,,48,151,200,
5313,https://www.publi20.com/noticias/uruguay-avanza-firmemente-hacia-la-universalizacion-del-acceso-a-servicios-financieros/,archivo,noindex,0,0,,86,152,200,
5314,https://www.publi20.com/noticias/los-clientes-de-impartner-reciben-una-cantidad-record-de-premios-destacados-de-crn-magazine/,archivo,noindex,0,0,,91,153,200,
5315,https://www.publi20.com/noticias/hacienda-altagracia-an-auberge-resort-es-destacado-como-uno-de-los-mejores-nuevos-hoteles-del-mundo-en-la-lista-de-lo-mejor-del-2016-de-conde-nast-traveler/,archivo,noindex,0,0,,157,154,200,
5316,https://www.publi20.com/noticias/jared-leto-en-exlusiva-para-la-edicion-de-mayo-by-gq-mexico/,archivo,noindex,0,0,,59,156,200,
5317,https://www.publi20.com/noticias/la-curacao-lanza-una-nueva-aplicacion-movil-para-sus-usuarios/,archivo,noindex,0,0,,61,158,200,
5299,https://www.publi20.com/emprendimiento/liderazgo/regla-de-oro-para-tu-marca-personal-contra-la-homogeneidad-se-tu-mismo/,editorial,index,0,0,marca personal,70,139,200,
5318,https://www.publi20.com/noticias/el-empire-state-deja-a-sus-fans-decidir-como-lucira-iluminado-para-celebrar-su-cumpleanos-numero-85/,archivo,noindex,0,0,,99,156,200,
5319,https://www.publi20.com/noticias/continua-llegando-ayuda-tras-el-terremoto-en-ecuador-mas-de-un-millon-de-dolares-recolectados-en-gofundme/,archivo,noindex,0,0,,106,154,200,
5320,https://www.publi20.com/noticias/las-ventas-netas-consolidadas-de-grupo-famsa-crecieron-120-durante-el-1t16/,archivo,noindex,0,0,,76,158,200,
5321,https://www.publi20.com/noticias/polyeco-international-y-lamor-fusionan-sus-operaciones-de-servicios-internacionales-y-forman-polyeco-group-empresa-de-servicios-ambientales-totalmente-integrados/,archivo,noindex,0,0,,162,157,200,
5280,https://www.publi20.com/noticias/el-festival-internacional-de-cine-de-morelia-presentara-una-funcion-especial-en-el-festival-de-cannes/,archivo,noindex,0,0,,101,156,200,
5281,https://www.publi20.com/noticias/hna-tourism-group-sella-un-acuerdo-con-carlson-hospitality-group-para-la-adquisicion-de-carlson-hotels-inc/,archivo,noindex,0,0,,108,149,200,
5282,https://www.publi20.com/noticias/landsteiner-scientific-la-farmaceutica-mexicana-mejor-posicionada-en-el-ranking-great-place-to-work/,archivo,index,1,28,,100,155,200,
5283,https://www.publi20.com/noticias/joven-emprendedor-forestal-premia-el-talento-de-jovenes-de-mexico-centro-y-sudamerica-en-su-tercer-certamen/,archivo,noindex,0,0,,108,150,200,
5284,https://www.publi20.com/noticias/ipoint-presenta-borrador-de-leyes-sobre-trafico-de-personas-y-esclavitud-para-el-sector-privado/,archivo,noindex,0,0,,95,156,200,
5285,https://www.publi20.com/noticias/hennessy-celebra-la-llegada-de-la-octava-generacion-de-maestros-mezcladores-con-el-legado-cognac-hennessy-8/,archivo,noindex,0,0,,109,156,200,
5286,https://www.publi20.com/noticias/sc-johnson-reconocida-como-el-mejor-lugar-para-trabajar-en-mexico-por-decimoquinto-ano-consecutivo-en-2016/,archivo,noindex,0,0,,107,154,200,
5287,https://www.publi20.com/noticias/fortinet-elige-la-tecnologia-prm-de-impartner-para-ayudar-a-transformar-su-plataforma-global-de-relaciones-con-los-socios/,archivo,noindex,0,0,,121,158,200,
5288,https://www.publi20.com/noticias/la-capacidad-financiera-mas-que-los-conocimientos-basicos-o-la-educacion-es-la-clave-para-la-inclusion-financiera/,archivo,noindex,0,0,,117,156,200,
5289,https://www.publi20.com/noticias/amazoncrossing-en-espanol-lanza-estados-unidos-de-banana-libro-latinoamericano-vislumbra-la-desintegracion-del-imperio-americano/,archivo,noindex,0,0,,131,157,200,
5290,https://www.publi20.com/noticias/uefa-y-pepsi-llevan-por-primera-vez-epico-recital-en-vivo-a-la-final-de-la-liga-de-campeones-de-la-uefa/,archivo,noindex,0,0,,104,157,200,
5291,https://www.publi20.com/noticias/los-pilotos-de-ups-respetaran-los-piquetes-alemanes-en-el-aeropuerto-de-colonia-bonn/,archivo,noindex,0,0,,84,151,200,
5292,https://www.publi20.com/noticias/la-universidad-laval-recupera-el-titulo-en-la-shell-eco-marathon-de-las-americas-que-ostentaba-la-universidad-de-toronto/,archivo,noindex,0,0,,120,158,200,
5293,https://www.publi20.com/noticias/lenovo-revela-el-zuk-z2-pro-el-dispositivo-que-cambiara-las-reglas/,archivo,noindex,0,0,,67,154,200,
5294,https://www.publi20.com/noticias/mead-johnson-nutrition-llevo-a-cabo-encuentros-medicos-sobre-nuevas-tendencias-en-nutricion-pediatrica-y-desarrollo-mental/,archivo,noindex,0,0,,123,151,200,
5295,https://www.publi20.com/noticias/huawei-habilita-la-aplicacion-de-la-nb-iot-en-industrias-verticales-a-traves-de-la-innovacion-y-la-colaboracion/,archivo,noindex,0,0,,111,154,200,
5296,https://www.publi20.com/noticias/latin-trade-presenta-el-ranking-de-multimillonarios-de-america-latina/,archivo,noindex,0,0,,69,149,200,
5297,https://www.publi20.com/noticias/impulso-a-emprendedurismo-ambiental-premios-verde-by-juan-carlos-machorro/,archivo,noindex,0,0,,75,158,200,
5298,https://www.publi20.com/noticias/cancun-y-riviera-maya-los-destinos-favoritos-para-viajar-este-verano-by-cancun-foros/,archivo,noindex,0,0,,84,154,200,
5278,https://www.publi20.com/emprendimiento/liderazgo/en-la-vida-y-los-negocios/,editorial,index,0,0,lecciones de negocios,59,143,200,
5258,https://www.publi20.com/noticias/mot-hennessy-y-solar-impulse-continuan-celebrando-la-sustentabilidad-en-2016/,archivo,noindex,0,0,,77,155,200,
5259,https://www.publi20.com/noticias/inauguracion-oficial-de-la-119na-feria-de-canton/,archivo,noindex,0,0,,48,152,200,
5260,https://www.publi20.com/noticias/el-fabricante-chino-de-ropa-deportiva-peak-celebra-una-nueva-presentacion-de-productos-olimpicos-en-eslovenia/,archivo,noindex,0,0,,109,158,200,
5261,https://www.publi20.com/noticias/pacific-anuncia-revision-de-su-elegibilidad-para-cotizar-en-la-bolsa-de-valores-de-toronto/,archivo,noindex,0,0,,90,156,200,
5262,https://www.publi20.com/noticias/destino-extraordinario-el-nuevo-reto-de-meditacion-de-deepak-chopra-e-ismael-cala/,archivo,index,1,114,,84,155,200,
5263,https://www.publi20.com/noticias/el-programa-futbol-por-la-amistad-de-gazprom-international-gana-los-premios-gold-quill-2016/,archivo,noindex,0,0,,91,157,200,
5264,https://www.publi20.com/noticias/level-3-designada-como-miembro-avanzado-de-aws-partner-network/,archivo,noindex,0,0,,62,155,200,
5265,https://www.publi20.com/noticias/cooper-gay-argentina-le-da-la-bienvenida-a-los-nuevos-miembros-del-equipo-de-contratos-para-fortalecer-y-desarrollar-su-posicion-en-el-mercado/,archivo,noindex,0,0,,142,152,200,
5266,https://www.publi20.com/noticias/agile-alliance-anuncia-el-programa-del-agile2016/,archivo,noindex,0,0,,48,157,200,
5267,https://www.publi20.com/noticias/desde-la-costa-a-costa-southwest-airlines-conecta-a-los-pasajeros-de-los-angeles-con-las-playas-doradas-de-costa-rica/,archivo,noindex,0,0,,118,156,200,
5268,https://www.publi20.com/noticias/packers-plus-y-schlumberger-ingresan-a-una-alianza-global/,archivo,index,1,2,,57,154,200,
5269,https://www.publi20.com/noticias/netflix-confirma-nueva-serie-original-basada-en-la-actual-investigacion-de-corrupcion-brasilena/,archivo,noindex,0,0,,96,152,200,
5270,https://www.publi20.com/noticias/el-parque-eolico-dominica-de-enel-en-mexico-gana-el-premio-de-sostenibilidad-del-bid/,archivo,index,1,30,,84,157,200,
5271,https://www.publi20.com/noticias/grundig-presenta-su-coleccion-premium-de-electrodomesticos-integrados-en-eurocucina/,archivo,noindex,0,0,,83,152,200,
5272,https://www.publi20.com/noticias/cornershop-recibe-inversion-por-usd-67-millones/,archivo,noindex,0,0,,49,155,200,
5273,https://www.publi20.com/noticias/el-mercado-europeo-responde-de-manera-favorable-a-los-productos-exclusivos-de-xcmg-en-bauma-2016/,archivo,noindex,0,0,,96,157,200,
5274,https://www.publi20.com/noticias/womens-forum-mexico-2016-recibe-a-la-delegacion-cubana-de-mujeres-emprendedoras/,archivo,noindex,0,0,,80,155,200,
5275,https://www.publi20.com/noticias/pacific-da-a-conocer-actualizacion-acerca-de-la-reestructuracion/,archivo,noindex,0,0,,64,151,200,
5276,https://www.publi20.com/noticias/versy-nueva-red-social-basada-en-los-intereses-de-los-usuarios/,archivo,noindex,0,0,,63,156,200,
5257,https://www.publi20.com/mercadotecnia/el-consumidor-no-quiere-mas-opciones/,editorial,index,0,0,paradoja de la elección,59,135,200,
5238,https://www.publi20.com/noticias/gillette-revela-la-campana-lo-perfecto-no-es-bonito-rumbo-a-los-juegos-olimpicos-de-rio-de-janeiro-2016/,archivo,noindex,0,0,,105,154,200,
5239,https://www.publi20.com/noticias/la-version-mas-reciente-de-finscan-simplifica-y-acelera-la-exploracion-de-cumplimiento-antilavado-de-dinero/,archivo,noindex,0,0,,108,157,200,
5240,https://www.publi20.com/noticias/i-protect-el-gran-avance-de-kiekert-en-sistemas-de-proteccion-de-puertas/,archivo,noindex,0,0,,73,147,200,
5241,https://www.publi20.com/noticias/ofertas-365-inc-anuncia-el-lanzamiento-de-su-juego-lucky-6-en-colombia-mercado-de-gaming-en-pleno-desarrollo-en-alianza-con-el-operador-local-eds-inversiones/,archivo,noindex,0,0,,161,158,200,
5242,https://www.publi20.com/noticias/reed-presenta-exposiciones-inaugurales-de-robotica-y-fabricacion-inteligente-en-tokio-desde-el-18-de-enero-de-2017/,archivo,noindex,0,0,,114,155,200,
5243,https://www.publi20.com/noticias/nerium-international-ofrece-innovacion-para-la-vitalidad-cerebral-con-el-lanzamiento-en-mexico-del-suplemento-alimenticio-eht/,archivo,noindex,0,68,,126,150,200,
5244,https://www.publi20.com/noticias/emaar-da-forma-al-fastuoso-perfil-nuevo-de-dubai-con-una-impactante-torre-en-el-puerto-dubai-creek/,archivo,noindex,0,0,,98,147,200,
5245,https://www.publi20.com/noticias/reed-exhibitions-japan-hara-la-3ra-wearable-expo-del-18-al-20-de-enero-de-2017-en-tokio/,archivo,noindex,0,0,,88,158,200,
5246,https://www.publi20.com/noticias/la-oficina-mas-sostenible-del-mundo-se-encuentra-en-los-paises-bajos/,archivo,noindex,0,0,,68,151,200,
5247,https://www.publi20.com/noticias/omnicom-media-group-revela-detalles-sobre-su-tercera-red/,archivo,noindex,0,0,,56,153,200,
5248,https://www.publi20.com/noticias/mohawk-industries-inc-invita-a-sumarse-a-la-teleconferencia-del-primer-trimestre-de-2016-en-internet/,archivo,noindex,0,0,,102,153,200,
5249,https://www.publi20.com/noticias/hikvision-anuncia-su-exito-en-el-isc-brasil/,archivo,noindex,0,0,,43,156,200,
5250,https://www.publi20.com/noticias/h2opendoors-llega-a-cuba/,archivo,noindex,0,0,,24,157,200,
5251,https://www.publi20.com/noticias/isuzu-motors-de-mexico-anuncia-cambios-en-sus-puestos-directivos/,archivo,noindex,0,0,,64,155,200,
5252,https://www.publi20.com/noticias/fibra-prologis-anuncia-asamblea-anual-y-extraordinaria-de-tenedores/,archivo,noindex,0,0,,67,151,200,
5253,https://www.publi20.com/noticias/barbados-asevera-los-beneficios-economicos-de-sus-estructuras-offshore/,archivo,noindex,0,0,,70,158,200,
5254,https://www.publi20.com/noticias/modulo-digitalizador-de-viewsonic-mejora-las-soluciones-de-cajeros-automaticos-vtm-de-avanzada-para-el-sector-bancario/,archivo,noindex,0,0,,120,158,200,
5255,https://www.publi20.com/noticias/la-ultra-hd-4k-smart-ir-ptz-de-hikvision-gano-el-premio-new-product-showcase-en-isc-west/,archivo,noindex,0,0,,88,156,200,
5256,https://www.publi20.com/noticias/nerium-international-presenta-el-suero-anti-edad-para-ojos/,archivo,noindex,0,0,,58,149,200,
5233,https://www.publi20.com/noticias/gobierno-cubano-toma-represalia-contra-reportera-de-america-teve/,archivo,noindex,0,0,,64,152,200,
5235,https://www.publi20.com/noticias/menor-crecimiento-economico-para-el-salvador-en-2016-by-contrapunto-diario-digital/,archivo,noindex,0,0,,82,158,200,
5236,https://www.publi20.com/noticias/un-ano-al-aire-by-diario-moda-radio/,archivo,noindex,0,0,,35,155,200,
5237,https://www.publi20.com/noticias/colaboracion-hemisferica-para-resolver-problemas-relevantes-a-traves-de-la-investigacion/,archivo,noindex,0,0,,88,156,200,
5214,https://www.publi20.com/noticias/virgin-hotels-anuncia-a-su-nuevo-vicepresidente-de-desarrollo/,archivo,noindex,0,0,,61,156,200,
5215,https://www.publi20.com/noticias/portadalat-anuncia-un-importante-listado-de-conferencistas-que-incluye-a-avon-meliahoteles-best-western-brown-forman-y-nestle/,archivo,noindex,0,0,,129,150,200,
5216,https://www.publi20.com/noticias/las-perspectivas-de-la-cooperacion-entre-rusia-y-los-paises-de-america-latina-fueron-discutidas-en-la-ronda-mediatica-y-el-foro-de-negocios-en-uruguay/,archivo,noindex,0,0,,150,158,200,
5217,https://www.publi20.com/noticias/circum-designa-a-morgan-stanley-para-llevar-a-cabo-una-revision-estrategica-y-optimiza-el-estudio-de-factibilidad/,archivo,noindex,0,0,,113,158,200,
5218,https://www.publi20.com/noticias/del-director-y-los-productores-de-velvet-y-gran-hotel-llega-la-primera-serie-original-de-netflix-filmada-y-producida-en-espana/,archivo,noindex,0,0,,127,157,200,
5219,https://www.publi20.com/noticias/gamechange-solar-recibe-orden-de-genius-tracker-de-28-mw-para-el-sudeste/,archivo,noindex,0,0,,73,158,200,
5220,https://www.publi20.com/noticias/make-up-for-ever-se-asocia-con-charli-xcx-para-su-nueva-campana-aqua-xl/,archivo,noindex,0,0,,71,147,200,
5221,https://www.publi20.com/noticias/enel-green-power-confirma-su-liderazgo-en-energias-renovables-en-mexico-tras-resultados-de-subasta/,archivo,noindex,0,105,,98,155,200,
5223,https://www.publi20.com/noticias/datos-y-sesiones-relevantes-en-la-reunion-de-la-sages-2016-prueban-la-seguridad-y-la-eficacia-de-la-terapia-stretta-para-la-erge/,archivo,noindex,0,0,,128,155,200,
5224,https://www.publi20.com/noticias/phoenix-tower-international-cierra-la-compra-de-145-torres-de-telecomunicacion-inalambricas-y-derechos-de-mercadeo-sobre-400-sitios-de-viva-en-la-republica-dominicana/,archivo,noindex,0,0,,166,156,200,
5225,https://www.publi20.com/noticias/level-3-incorpora-microsoft-office-365-a-su-ecosistema-de-soluciones-cloud-connect/,archivo,noindex,0,0,,82,153,200,
5227,https://www.publi20.com/noticias/el-mayors-challenge-2016-de-bloomberg-philanthropies-da-la-bienvenida-a-363-ciudades-de-america-latina-y-el-caribe-con-68-ciudades-de-mejico-representadas/,archivo,index,1,2,,155,148,200,
5195,https://www.publi20.com/noticias/markets-group-mas-de-400-socios-limitados-se-reunen-con-lideres-en-materia-de-capital-de-riesgo-en-nueva-york-para-abordar-las-principales-asignaciones-del-2016/,archivo,noindex,0,0,,161,153,200,
5196,https://www.publi20.com/noticias/diebold-confirma-los-resultados-de-la-oferta-de-compra-de-acciones-de-wincor-nixdorf/,archivo,noindex,0,0,,84,153,200,
5197,https://www.publi20.com/noticias/servicio-de-video-iot-smartvue-ahora-es-mas-grande-que-youtube-carga-28-millones-de-minutos-de-videovigilancia-a-diario/,archivo,noindex,0,0,,123,157,200,
5198,https://www.publi20.com/noticias/spectra-group-y-tesacom-presentan-slingshot-en-chile/,archivo,noindex,0,0,,52,156,200,
5199,https://www.publi20.com/noticias/best-buy-apoya-a-los-emprendedores-en-mexico/,archivo,noindex,0,0,,46,154,200,
5200,https://www.publi20.com/noticias/haciendo-que-cada-dolar-cuente-jereh-en-la-cippe-2016/,archivo,noindex,0,0,,55,153,200,
5201,https://www.publi20.com/noticias/emprendedores-de-silicon-valley-y-america-latina-comienzan-un-equipo-de-futbol-profesional-en-san-francisco/,archivo,noindex,0,0,,107,154,200,
5202,https://www.publi20.com/noticias/xs-international-fue-incluida-en-el-informe-2016-competitive-landscape-report-de-gartner/,archivo,noindex,0,0,,90,157,200,
5203,https://www.publi20.com/noticias/safetypay-lanza-aplicacion-y-peruvian-es-la-primera-compania-aerea-de-america-latina-en-invertir-en-la-tecnologia/,archivo,noindex,0,0,,113,154,200,
5204,https://www.publi20.com/noticias/fibra-prologis-anuncia-que-el-22-de-abril-llevara-a-cabo-la-conferencia-telefonica-donde-presentara-los-resultados-financieros-del-primer-trimestre-de-2016/,archivo,noindex,0,0,,155,151,200,
5205,https://www.publi20.com/noticias/uol-boacompra-llega-a-chile/,archivo,noindex,0,0,,27,150,200,
5206,https://www.publi20.com/noticias/cru-ofrece-la-conferencia-mundial-del-cobre-mas-completa-hasta-la-fecha/,archivo,noindex,0,0,,73,156,200,
5207,https://www.publi20.com/noticias/el-ganador-de-1-idea-para-cambiar-la-historia-reconocido-por-barack-obama/,archivo,noindex,0,0,,75,156,200,
5208,https://www.publi20.com/noticias/antes-y-despues-connie-talbot-la-estrella-de-britains-got-talent-emerge-como-una-increible-compositora-y-cantante-con-su-nuevo-album-matters-to-me-en-venta-a-traves-de-evolution-music-group/,archivo,noindex,0,0,,193,152,200,
5209,https://www.publi20.com/noticias/pacific-prorroga-hasta-el-29-de-abril-de-2016-los-acuerdos-de-indulgencia-con-bancos-y-un-importante-grupo-de-tenedores-de-notas/,archivo,noindex,0,0,,128,154,200,
5210,https://www.publi20.com/noticias/la-fundacion-loreal-junto-a-la-unesco-lanzan-un-manifiesto-para-defender-el-rol-de-las-mujeres-en-las-ciencias/,archivo,noindex,0,0,,111,157,200,
5211,https://www.publi20.com/noticias/diebold-cumple-con-exito-con-las-condiciones-de-oferta-para-las-acciones-de-wincor-nixdorf/,archivo,noindex,0,0,,90,148,200,
5212,https://www.publi20.com/noticias/ypf-presenta-informe-anual-2015-en-formulario-20-f/,archivo,noindex,0,0,,50,153,200,
5213,https://www.publi20.com/noticias/care-energy-ofrece-representacion-a-accionistas-de-eon-y-rwe-los-modelos-de-negocios-de-las-sa-deben-ser-controlados-de-manera-mas-cercana-con-una-experiencia-especializada/,archivo,noindex,0,0,,179,150,200,
5185,https://www.publi20.com/noticias/cobertura-especial-del-viaje-del-presidente-obama-a-cuba-domingo-20-de-marzo-por-america-teve/,archivo,noindex,0,0,,95,155,200,
5186,https://www.publi20.com/noticias/20-de-marzo-dia-internacional-de-la-felicidad/,archivo,noindex,0,0,,45,156,200,
5187,https://www.publi20.com/noticias/conectividad-vial-para-favorece-desarrollo-economico-en-el-salvador-by-contrapunto-diario-digital/,archivo,noindex,0,0,,97,152,200,
5188,https://www.publi20.com/noticias/la-alianza-con-rainforest-alliance-anade-una-capa-mas-de-placer-al-comer-una-paleta-magnum/,archivo,noindex,0,0,,91,153,200,
5189,https://www.publi20.com/noticias/maria-laria-presentadora-de-arrebatados-en-america-teve-celebra-su-decimo-aniversario/,archivo,noindex,0,0,,86,157,200,
5190,https://www.publi20.com/noticias/pacific-confirma-conversaciones-con-los-accionistas-en-relacion-con-el-proceso-de-reestructuracion-de-deuda/,archivo,noindex,0,0,,107,157,200,
5191,https://www.publi20.com/noticias/fibra-prologis-anuncia-canje-de-titulo-de-cbfis/,archivo,noindex,0,0,,47,156,200,
5192,https://www.publi20.com/noticias/andes-wines-invita-a-cosechar-malbec-de-san-rosendo-de-mas-de-140-anos/,archivo,noindex,0,0,,70,155,200,
5193,https://www.publi20.com/noticias/sc-johnson-venezuela-fue-reconocida-como-el-mejor-lugar-de-trabajo/,archivo,noindex,0,0,,66,158,200,
5194,https://www.publi20.com/noticias/husqvarna-lanza-la-primera-aplicacion-apple-watch-para-cortadoras-de-cesped-roboticas/,archivo,noindex,0,0,,86,153,200,
5172,https://www.publi20.com/noticias/ceremonia-inaugural-de-baselworld-2016/,archivo,noindex,0,0,,38,150,200,
5173,https://www.publi20.com/noticias/impulsando-el-crecimiento-de-un-nuevo-movimiento-de-lujo-bsi-capital-group-invierte-5m-de-francos-suizos-chf-en-swiss-cosmeceuticals-ag/,archivo,noindex,0,0,,138,149,200,
5174,https://www.publi20.com/noticias/research-now-anuncia-nuevo-equipo-de-liderazgo-ejecutivo/,archivo,noindex,0,0,,56,155,200,
5175,https://www.publi20.com/noticias/afluenta-la-red-lider-de-financiamiento-entre-personas-de-america-latina-recibe-us-8-millones-de-dolares-de-ifc-y-elevar-equity-para-expandirse-en-la-region/,archivo,noindex,0,98,,159,157,200,
5176,https://www.publi20.com/noticias/colombia-y-mexico-con-una-actitud-positiva-hacia-el-emprendimiento-resultados-ager-2015-encuesta-aplicada-por-amway/,archivo,noindex,0,0,,117,152,200,
5177,https://www.publi20.com/noticias/la-digitalizacion-creara-350-millones-de-nuevos-exportadores-segun-el-informe-del-dmcc-el-futuro-del-comercio/,archivo,noindex,0,0,,112,158,200,
5178,https://www.publi20.com/noticias/kenneth-cole-presenta-su-coleccion-otono-invierno-2016-de-relojes-automaticos/,archivo,noindex,0,0,,77,158,200,
5179,https://www.publi20.com/noticias/burnham-sterling-cierra-colocacion-privada-de-ocho-aeronaves-con-avianca-holdings/,archivo,noindex,0,0,,81,156,200,
5180,https://www.publi20.com/noticias/las-tres-responsabilidades-corporativas-mas-importantes-segun-los-consumidores/,archivo,noindex,0,0,,79,152,200,
5150,https://www.publi20.com/noticias/new-diamond-technology-ndt-dara-a-conocer-la-piedra-azul-fabricada-en-laboratorio-mas-grande-y-mas-rara-del-mundo-en-baselworld-a-las-1200-del-mediodia-cet/,archivo,noindex,0,0,,160,157,200,
5151,https://www.publi20.com/noticias/informe-de-la-rueda-de-prensa-en-vivo-de-baselworld-2016/,archivo,noindex,0,0,,56,157,200,
5152,https://www.publi20.com/noticias/huawei-anuncia-nueva-tecnologia-de-informacion-y-comunicaciones-lider-para-crear-un-mundo-mejor-conectado/,archivo,noindex,0,0,,105,150,200,
5153,https://www.publi20.com/noticias/heidrick-struggles-ayuda-al-foro-economico-mundial-a-encontrar-a-los-young-global-leaders-de-2016/,archivo,noindex,0,0,,99,153,200,
5154,https://www.publi20.com/noticias/nuevo-curso-online-de-ismael-cala-quienes-rompen-paradigmas-convierten-los-problemas-en-oportunidades/,archivo,noindex,0,0,,104,157,200,
5155,https://www.publi20.com/noticias/pedido-canadiense-a-las-agencias-internacionales-para-que-investiguen-el-asesinato-de-berta-caceres/,archivo,noindex,0,0,,99,154,200,
5156,https://www.publi20.com/noticias/el-atleta-conocido-como-el-picasso-olimpico-promueve-un-esfuerzo-para-hacer-crecer-al-grupo-de-atletas-olimpicos-artistas/,archivo,noindex,0,0,,125,157,200,
5157,https://www.publi20.com/noticias/digital-marine-solutions-adquirira-la-division-marina-de-jeppesen/,archivo,noindex,0,0,,65,157,200,
5158,https://www.publi20.com/noticias/urban-jrgensen-la-exclusiva-conexion-danesa-suiza-presenta-una-nueva-coleccion-en-la-baselworld-2016/,archivo,noindex,0,0,,102,148,200,
5159,https://www.publi20.com/noticias/gerilimzumab-de-bird-rock-bio-anticuerpo-anti-il-6-demuestra-potencial-acceso-global-asequible-a-biofarmaco-novedoso-para-tratar-la-artritis-reumatoide/,archivo,noindex,0,0,,153,155,200,
5120,https://www.publi20.com/noticias/sothebys-international-realty-amplia-la-presencia-de-su-marca-de-lujo-en-toda-la-argentina/,archivo,noindex,0,0,,91,153,200,
5121,https://www.publi20.com/noticias/nuevo-webinar-de-impartner-presenta-a-analista-prm-de-gartner-y-ofrece-terapia-de-relaciones-para-profesionales-de-ti-y-sus-contrapartes-de-ventasmarketing/,archivo,noindex,0,0,,156,148,200,
5122,https://www.publi20.com/noticias/diario-bae-negocios-internacional-reconoce-a-las-mujeres-argentinas-extraordinarias-2016/,archivo,noindex,0,0,,88,157,200,
5123,https://www.publi20.com/noticias/fossil-presenta-nuevos-smartwatches-android-wear-mas-finos-en-baselworld/,archivo,noindex,0,0,,73,154,200,
5124,https://www.publi20.com/noticias/estudio-comisionado-por-visa-estima-que-la-migracion-a-los-pagos-electronicos-aporto-cerca-de-us300-mil-millones-al-pib-de-70-paises/,archivo,noindex,0,0,,133,152,200,
5125,https://www.publi20.com/noticias/solucion-automatizada-camds-de-ipoint-minimiza-esfuerzos-de-datos-materiales-para-la-industria-automotriz/,archivo,noindex,0,0,,105,156,200,
5126,https://www.publi20.com/noticias/juegos-de-casino-de-primera-de-playstudios-amplian-la-asociacion-con-resorts-world-con-el-lanzamiento-de-premios-en-nueva-york-y-bimini/,archivo,noindex,0,0,,135,158,200,
5127,https://www.publi20.com/noticias/cuatro-increibles-activistas-humanitarios-finalistas-del-aurora-prize-for-awakening-humanity-por-us1-millon/,archivo,noindex,0,0,,110,154,200,
5128,https://www.publi20.com/noticias/institucion-del-grupo-ser-educacional-se-asocia-con-colgate-de-ee-uu/,archivo,noindex,0,0,,72,154,200,
5129,https://www.publi20.com/noticias/basf-y-avantium-pretenden-establecer-una-joint-venture/,archivo,noindex,0,0,,54,156,200,
5130,https://www.publi20.com/noticias/sundyne-anuncia-un-nuevo-centro-de-servicio-autorizado-en-colombia/,archivo,noindex,0,0,,66,157,200,
5131,https://www.publi20.com/noticias/nira-dynamics-ab-lanza-una-nueva-solucion-de-seguridad-para-una-mayor-conciencia-del-conductor/,archivo,noindex,0,0,,94,156,200,
5132,https://www.publi20.com/noticias/complejo-grand-lucayan-resort-en-venta-en-subasta-a-sobre-cerrado/,archivo,noindex,0,0,,65,157,200,
5133,https://www.publi20.com/noticias/activacion-de-la-nueva-ruta-submarina-del-pacifico-de-level-3-mejora-la-conexion-de-colombia-con-las-principales-ciudades-de-las-americas-europa-y-asia/,archivo,noindex,0,0,,152,157,200,
5134,https://www.publi20.com/noticias/mts-3060-smartcan-de-marvin-test-solutions-elegida-como-la-solucion-para-pruebas-de-armamento-de-lineas-de-vuelo-para-aviones-f-16-tafa-50-y-hawk/,archivo,noindex,0,0,,148,149,200,
5135,https://www.publi20.com/noticias/fossil-group-lanzara-wearables-para-ocho-marcas-y-en-40-paises-el-2016/,archivo,noindex,0,0,,70,157,200,
5136,https://www.publi20.com/noticias/thuraya-lanza-servicio-m2m-y-primer-terminal-que-operara-en-norteamerica/,archivo,noindex,0,0,,72,152,200,
5137,https://www.publi20.com/noticias/ixblue-presenta-su-novedoso-sistema-de-navegacion-inercial-rovins-nano-y-revoluciona-la-navegacion-de-rov/,archivo,noindex,0,0,,105,158,200,
5098,https://www.publi20.com/noticias/emblematica-publicacion-de-lancet-neurology-exige-compromiso-a-largo-plazo-para-luchar-contra-la-demencia/,archivo,noindex,0,0,,105,156,200,
5099,https://www.publi20.com/noticias/experiencias-fuera-de-lo-ordinario-para-descubrir-la-ciudad-de-mexico-en-semana-santa/,archivo,noindex,0,0,,85,155,200,
5100,https://www.publi20.com/noticias/cana-de-azucar-fuente-de-energia-sostenible-en-el-salvador-by-contra-punto-diario-digital/,archivo,noindex,0,0,,90,156,200,
5101,https://www.publi20.com/noticias/mec-prime-banner-chemicals-uk-se-enorgullece-de-presentar-la-nueva-gama-de-productos-de-cloruro-de-metileno-prime/,archivo,noindex,0,0,,115,153,200,
5102,https://www.publi20.com/noticias/latin-trade-presenta-a-los-25-mejores-jovenes-empresarios-de-america-latina/,archivo,noindex,0,0,,75,157,200,
5103,https://www.publi20.com/noticias/dubai-lleva-la-innovacion-al-area-deportiva-con-los-juegos-world-future-sports-en-diciembre-de-2017/,archivo,noindex,0,0,,99,152,200,
5104,https://www.publi20.com/noticias/hennessy-xo-invita-al-director-de-cine-nicolas-winding-refn-a-crear-un-viaje-sensorial-para-su-nueva-campana-odyssey/,archivo,noindex,0,0,,120,153,200,
5105,https://www.publi20.com/noticias/trax-designa-a-steve-hornyak-para-dirigir-su-expansion-por-el-continente-americano/,archivo,noindex,0,0,,82,156,200,
5106,https://www.publi20.com/noticias/dermalog-suministra-lectores-de-huellas-digitales-para-el-registro-de-refugiados-en-alemania/,archivo,noindex,0,0,,92,156,200,
5107,https://www.publi20.com/noticias/canticos-presenta-los-pollitos-little-chickies-el-primer-titulo-de-la-coleccion-inspirada-en-las-adorables-canciones-de-cuna/,archivo,noindex,0,0,,129,153,200,
5072,https://www.publi20.com/publicidad/aliados-o-charlatanes-donde-te-ves/,editorial,index,1,21,cómo elegir una agencia de publicidad,71,151,200,
5057,https://www.publi20.com/mercadotecnia/en-un-mundo-perfecto-la-marca-es-irrelevante/,editorial,index,0,0,importancia de la marca,64,154,200,
5090,https://www.publi20.com/emprendimiento/pymes/pymes-y-sus-marcas-la-mente-y-corazon-de-los-empresarios/,editorial,index,0,0,marca para pymes,71,147,200,
5077,https://www.publi20.com/noticias/tane-y-la-iconica-iris-apfel-colaboran-juntos-en-una-coleccion-inolvidable/,archivo,index,1,13,,74,157,200,
5078,https://www.publi20.com/noticias/precision-aviation-group-pag-empresa-matriz-de-precision-heliparts-php-anuncia-la-inauguracion-de-nuevo-centro-en-sao-paulo-brasil/,archivo,noindex,0,0,,137,151,200,
5079,https://www.publi20.com/noticias/fibra-prologis-asistira-a-la-conferencia-denominada-citi-2016-global-property-ceo-conference/,archivo,noindex,0,0,,94,150,200,
5080,https://www.publi20.com/noticias/el-lider-global-en-gestion-de-relaciones-con-socios-impartner-gana-en-los-stevie-awards-2016-por-ventas-y-servicio-al-cliente/,archivo,noindex,0,0,,125,158,200,
5089,https://www.publi20.com/noticias/ramboll-crece-28-a-pesar-de-las-dificiles-condiciones-de-mercado/,archivo,noindex,0,0,,65,153,200,
5081,https://www.publi20.com/noticias/la-biometria-de-dermalog-contribuye-a-la-prevencion-de-fraudes-en-nigeria/,archivo,noindex,0,0,,73,158,200,
5037,https://www.publi20.com/noticias/premian-a-daniel-chavez-moran-fundador-de-grupo-vidanta-como-empresario-del-ano/,archivo,noindex,0,0,,81,156,200,
5038,https://www.publi20.com/noticias/otorga-grupo-gentera-apoyos-por-82-mdp-a-organizaciones-civiles-by-juan-carlos-machorro/,archivo,noindex,0,0,,88,157,200,
5039,https://www.publi20.com/noticias/un-vistazo-al-festival-imaginativo-thomas-sabo-celebra-el-verano-con-estilo/,archivo,noindex,0,0,,76,155,200,
5040,https://www.publi20.com/noticias/la-experiencia-de-viajes-blast-off-to-houston-ofrece-grandes-ahorros-en-el-hyatt-regency-houston-y-las-principales-atracciones-de-la-ciudad/,archivo,noindex,0,0,,142,152,200,
5041,https://www.publi20.com/noticias/music-world-cup-anuncia-el-prelanzamiento-de-su-plataforma/,archivo,noindex,0,0,,58,151,200,
5042,https://www.publi20.com/noticias/telepizza-se-apoyara-en-master-franquiciados-locales-para-liderar-su-expansion-en-el-reino-unido/,archivo,noindex,0,0,,96,152,200,
5043,https://www.publi20.com/noticias/martini-da-inicio-a-la-temporada-2016-de-la-formula-uno-con-felipe-massa-y-valtteri-bottas/,archivo,noindex,0,0,,92,155,200,
5044,https://www.publi20.com/noticias/que-compran-en-internet-las-mujeres-de-latinoamerica/,archivo,noindex,0,44,,54,158,200,
5045,https://www.publi20.com/noticias/etihad-airways-comienza-la-venta-de-pasajes-en-la-argentina/,archivo,noindex,0,0,,59,156,200,
5046,https://www.publi20.com/noticias/marcatel-selecciona-la-solucion-de-genband-y-netnumber-para-modernizar-su-vital-infraestructura/,archivo,noindex,0,0,,95,156,200,
5047,https://www.publi20.com/noticias/el-grupo-lombard-odier-informa-los-resultados-del-ano-2015/,archivo,noindex,0,0,,58,154,200,
5048,https://www.publi20.com/noticias/focusvision-presenta-a-jamin-brazil-como-ceo/,archivo,noindex,0,0,,44,151,200,
5049,https://www.publi20.com/noticias/ddb-worldwide-conmemora-el-dia-internacional-de-la-mujer-2016-con-una-iniciativa-para-eliminar-el-genero/,archivo,noindex,0,0,,106,157,200,
5050,https://www.publi20.com/noticias/sirva-presenta-nueva-identidad-de-marca/,archivo,noindex,0,0,,39,156,200,
5051,https://www.publi20.com/noticias/consultas-gratis-para-detectar-cancer-de-piel-en-la-republica-mexicana/,archivo,noindex,0,0,,71,153,200,
5052,https://www.publi20.com/noticias/disene-instalaciones-hidraulicas-de-manera-facil-by-iway-magazine/,archivo,noindex,0,0,,65,156,200,
5053,https://www.publi20.com/noticias/moneta-technologies-lanza-solucion-biometrica-facial-que-impide-el-robo-de-identidad/,archivo,noindex,0,0,,84,151,200,
5054,https://www.publi20.com/noticias/telepizza-apuesta-por-la-master-franquicia-para-su-expansion-internacional-abrira-100-tiendas-en-10-anos-en-arabia-saudi/,archivo,noindex,0,0,,121,151,200,
5055,https://www.publi20.com/noticias/celigo-concreta-us8-millones-en-financiacion-de-capital-para-el-crecimiento/,archivo,noindex,0,0,,76,158,200,
5056,https://www.publi20.com/noticias/emerge-americas-anuncia-los-finalistas-del-startup-showcase-2016-que-incluyen-representantes-de-15-paises/,archivo,noindex,0,0,,106,157,200,
5018,https://www.publi20.com/noticias/las-ciudades-europeas-continuaron-atrayendo-a-cada-vez-mas-cantidad-de-turistas-a-pesar-de-un-ano-problematico-en-europa-el-numero-de-noches-aumento-42-en-2015/,archivo,noindex,0,0,,162,154,200,
5019,https://www.publi20.com/noticias/aireuropa-integra-a-safetypay-como-medio-de-pago/,archivo,noindex,0,0,,48,158,200,
5020,https://www.publi20.com/noticias/el-servicio-de-paqueteria-de-ups-worldwide-express-se-expande-a-nuevos-paises-de-latinoamerica-y-el-caribe/,archivo,noindex,0,0,,107,156,200,
5021,https://www.publi20.com/noticias/rokkan-obtiene-la-funcion-de-la-direccion-creativa-para-cafe-de-colombia/,archivo,noindex,0,0,,72,152,200,
5022,https://www.publi20.com/noticias/g2a-junto-con-gaming-for-good-y-save-the-children-activan-a-los-vengadores-de-la-comunidad-de-los-juegos-para-el-humanitarian-emergency-all-out-response-team-heart-en-etiopia/,archivo,noindex,0,0,,178,158,200,
5016,https://www.publi20.com/publicidad/guias/lo-que-todo-anunciante-debe-saber-la-mitad-de-la-publicidad-sirve-la-otra-mitad-no/,editorial,index,0,57,la mitad de la publicidad sirve,72,144,200,
5023,https://www.publi20.com/noticias/noche-de-estrellas-en-la-clausura-del-xviii-festival-del-habano/,archivo,noindex,0,0,,63,157,200,
5024,https://www.publi20.com/noticias/la-carrera-de-chicharito-en-canciones-de-rock-by-rock-sonico/,archivo,noindex,0,0,,60,156,200,
5025,https://www.publi20.com/noticias/a-156-ciudades-en-mexico-les-quedan-10-dias-para-ingresar-al-mayors-challenge-2016-de-bloomberg-philanthropies-y-competir-por-9-millones-de-dolares-estadounidenses-para-fondos-de-innovacion/,archivo,noindex,0,0,,190,150,200,
5027,https://www.publi20.com/noticias/equipment-spare-parts-de-miami-es-nombrado-vendedor-autorizado-para-el-caribe-por-uno-de-los-principales-suministradores-de-piezas-de-motores-y-maquinaria-del-mundo/,archivo,noindex,0,0,,164,157,200,
5028,https://www.publi20.com/noticias/markets-group-los-principales-bancos-centrales-de-ee-uu-america-latina-y-el-caribe-se-reuniran-en-ciudad-de-panama-con-el-proposito-de-discutir-estrategias-de-inversion/,archivo,noindex,0,0,,172,153,200,
5029,https://www.publi20.com/noticias/anuncian-a-los-ganadores-del-premio-harold-w-mcgraw-jr-en-educacion/,archivo,noindex,0,0,,70,155,200,
5030,https://www.publi20.com/noticias/stadler-director-ejecutivo-de-audi-planeamos-continuar-con-nuestro-crecimiento-en-2016/,archivo,noindex,0,0,,90,157,200,
5031,https://www.publi20.com/noticias/donde-vamos-a-cenar-hoy-taco-guru-by-yellowlink/,archivo,noindex,0,0,,49,158,200,
5032,https://www.publi20.com/noticias/hola-tv-celebra-a-la-mujer-en-marzo-con-estrenos-y-programacion-especial-de-mujeres-que-inspiran/,archivo,noindex,0,0,,98,158,200,
5033,https://www.publi20.com/noticias/conoce-las-novedades-four-seasons-para-este-2016/,archivo,noindex,0,0,,48,153,200,
5034,https://www.publi20.com/noticias/isuzu-presenta-el-autobus-para-pasajeros-elf-600-bus/,archivo,index,1,44,,52,157,200,
5035,https://www.publi20.com/noticias/young-living-nombra-nuevo-coo/,archivo,noindex,0,0,,29,156,200,
5014,https://www.publi20.com/noticias/arisglobal-firma-acuerdo-con-el-primer-cliente-de-arisg-en-china/,archivo,noindex,0,0,,66,157,200,
5015,https://www.publi20.com/noticias/lcm-partners-gana-en-los-premios-private-debt-investor-2015/,archivo,noindex,0,0,,59,157,200,
5007,https://www.publi20.com/noticias/rackspace-lider-en-nube-gestionada-colabora-con-impartner-para-fortalecer-la-experiencia-de-socios-de-canales/,archivo,noindex,0,0,,111,157,200,
5008,https://www.publi20.com/noticias/risen-energy-anuncia-los-resultados-para-el-ano-2015-completo/,archivo,noindex,0,0,,61,152,200,
5009,https://www.publi20.com/noticias/dentsply-sirona-la-fusion-crea-the-dental-solutions-company/,archivo,noindex,0,0,,61,154,200,
5010,https://www.publi20.com/noticias/vichy-anuncia-la-primera-beca-exposoma-de-vichy-anual/,archivo,noindex,0,0,,53,157,200,
5011,https://www.publi20.com/noticias/hikvision-comunica-los-resultados-preliminares-de-sus-ganancias-en-2015-con-un-4697-de-crecimiento/,archivo,noindex,0,0,,100,148,200,
5012,https://www.publi20.com/noticias/mohawk-industries-con-record-de-utilidades-en-el-cuarto-trimestre/,archivo,noindex,0,0,,65,157,200,
5013,https://www.publi20.com/noticias/aeropuerto-salvadoreno-a-la-vanguardia-en-la-region-by-contrapunto-diario-digital/,archivo,noindex,0,0,,81,146,200,
4998,https://www.publi20.com/noticias/apr-energy-pone-en-marcha-planta-de-turbina-a-gas-para-cliente-industrial-en-egipto/,archivo,noindex,0,0,,83,155,200,
4997,https://www.publi20.com/noticias/reed-meriwether-se-incorpora-a-greeley-and-hansen-como-nuevo-director-gerente/,archivo,noindex,0,0,,77,153,200,
4994,https://www.publi20.com/noticias/huawei-y-leica-camera-anuncian-alianza-tecnologica-a-largo-plazo-para-la-reinvencion-de-la-fotografia-en-los-telefonos-inteligentes/,archivo,noindex,0,0,,131,153,200,
4992,https://www.publi20.com/noticias/la-feria-de-canton-establece-un-nuevo-modelo-para-presentar-su-negocio-a-traves-de-una-videoconferencia-remota/,archivo,noindex,0,0,,110,158,200,
4993,https://www.publi20.com/noticias/osteoartritis-de-rodilla-suero-autologo-condicionado-acs-combinado-con-fisioterapia-produjo-una-significativa-mejora-en-el-dolor-y-la-funcion/,archivo,noindex,0,0,,144,156,200,
4988,https://www.publi20.com/noticias/ecwid-la-solucion-1-de-comercio-electronico-lanza-un-sitio-web-enfocado-en-mexico/,archivo,noindex,0,147,,83,154,200,
4989,https://www.publi20.com/noticias/isagenix-alcanza-los-us4000-millones-en-ventas-globales-acumuladas/,archivo,noindex,0,0,,68,158,200,
4973,https://www.publi20.com/publicidad/creatividad/puedes-haber-sido-victima-de-un-fraude-informate/,editorial,index,0,0,ortografía en la publicidad,56,142,200,
4971,https://www.publi20.com/noticias/lutron-presenta-ultimas-innovaciones-en-ela-2016/,archivo,noindex,0,0,,48,156,200,
4968,https://www.publi20.com/noticias/alimentaria-espera-mas-de-5500-visitantes-latinoamericanos/,archivo,noindex,0,0,,59,153,200,
4969,https://www.publi20.com/noticias/el-aeropuerto-internacional-numero-uno-del-mundo-ahora-mas-grande-y-mejor/,archivo,noindex,0,0,,74,150,200,
4970,https://www.publi20.com/noticias/italtel-lanza-una-nueva-aplicacion-basada-en-sdn-para-la-harmonizacion-de-la-red-de-servicios/,archivo,noindex,0,0,,93,155,200,
4965,https://www.publi20.com/noticias/pacific-brinda-actualizacion-con-respecto-al-bloque-quifa/,archivo,noindex,0,0,,57,156,200,
4966,https://www.publi20.com/noticias/i2c-y-tis-forman-una-asociacion-estrategica-para-llevar-innovadoras-soluciones-de-pago-a-japon-y-otros-mercados-asiaticos-cruciales/,archivo,noindex,0,0,,131,150,200,
4967,https://www.publi20.com/noticias/lexington-partners-inaugura-oficina-en-santiago/,archivo,noindex,0,0,,47,156,200,
4962,https://www.publi20.com/noticias/barbados-adopta-legislacion-sobre-companias-de-celulas-incorporadas/,archivo,noindex,0,0,,67,157,200,
4963,https://www.publi20.com/noticias/se-publica-el-estudio-sirflox-en-la-journal-of-clinical-oncology/,archivo,noindex,0,0,,64,151,200,
4964,https://www.publi20.com/noticias/el-mayor-talento-musical-en-el-xviii-festival-del-habano/,archivo,noindex,0,0,,56,150,200,
4961,https://www.publi20.com/noticias/huawei-y-deutsche-telekom-presentan-la-tecnologia-de-seccionado-de-red-5g-e2e/,archivo,noindex,0,0,,77,158,200,
4960,https://www.publi20.com/noticias/andes-wines-destaca-que-la-vendimia-argentina-se-atrasara-entre-10-a-30-dias-segun-cepaje/,archivo,noindex,0,0,,89,153,200,
4959,https://www.publi20.com/noticias/el-salvador-apuesta-convertir-turismo-en-sector-estrategico-by-contrapunto-diario-digital/,archivo,noindex,0,0,,89,151,200,
4951,https://www.publi20.com/noticias/aprendiendo-autocad-2016-en-3d-para-diseno-arquitectonico-by-iway-magazine/,archivo,noindex,0,0,,74,152,200,
4952,https://www.publi20.com/noticias/que-son-las-familias-en-autodesk-revit-by-iway-magazine/,archivo,noindex,0,0,,57,156,200,
4917,https://www.publi20.com/noticias/konica-minolta-sensing-anuncia-su-participacion-en-plastimagen-mexico-2016/,archivo,noindex,0,0,,74,152,200,
4906,https://www.publi20.com/noticias/la-nueva-arcserve-unified-data-protection-udp-elimina-el-tiempo-de-recuperacion-mediante-disponibilidad-continua-recuperacion-instantanea-y-replicacion-en-entornos-en-la-nube-virtuales-y-fisicos/,archivo,noindex,0,0,,198,158,200,
4907,https://www.publi20.com/noticias/aplican-ciencia-en-elaboracion-de-tacos-by-juan-carlos-machorro/,archivo,noindex,0,0,,63,157,200,
4903,https://www.publi20.com/noticias/linedata-anuncia-el-lanzamiento-de-linedata-mobilekip/,archivo,noindex,0,0,,54,151,200,
4904,https://www.publi20.com/noticias/the-home-depot-anuncia-resultados-record-del-cuarto-trimestre-y-del-ano-fiscal-2015-aumenta-el-dividendo-trimestral-en-un-17-por-ciento-y-proporciona-la-guia-para-el-ano-fiscal-2016/,archivo,noindex,0,0,,182,156,200,
4900,https://www.publi20.com/noticias/la-nomina-del-futbol-de-pepsi-2016-introduce-la-tarjeta-azul-en-el-juego-global/,archivo,noindex,0,0,,80,158,200,
4896,https://www.publi20.com/noticias/lanzamiento-mundial-de-la-honourable-order-of-international-hotel-general-managers/,archivo,noindex,0,0,,82,150,200,
4897,https://www.publi20.com/noticias/se-inaugura-el-festival-internacional-de-cortometrajes-mercy-and-justice/,archivo,noindex,0,0,,74,158,200,
4892,https://www.publi20.com/noticias/mas-del-50-de-las-empresas-tienen-dispositivos-moviles-que-no-cumplen-con-las-normativas/,archivo,noindex,0,0,,90,153,200,
4893,https://www.publi20.com/noticias/oh-la-la-deals-de-air-france-las-mejores-ofertas-de-temporada/,archivo,noindex,0,0,,62,156,200,
4881,https://www.publi20.com/noticias/womens-forum-mexico-2016-girara-en-torno-a-co-creando-junts-co-creating-together/,archivo,noindex,0,0,,84,157,200,
4867,https://www.publi20.com/noticias/wincor-nixdorf-y-mahindra-comviva-se-asocian-para-permitir-operaciones-basadas-en-nfc-y-codigo-qr-en-los-cajeros-automaticos-con-la-billetera-mobiquity/,archivo,noindex,0,0,,152,157,200,
4849,https://www.publi20.com/noticias/medico-internista-el-guardian-de-la-salud-en-adultos/,archivo,noindex,0,0,,53,152,200,
4850,https://www.publi20.com/noticias/las-pruebas-con-5g-de-verizon-impulsan-al-ecosistema-hacia-una-rapida-comercializacion/,archivo,noindex,0,0,,86,151,200,
4839,https://www.publi20.com/noticias/huawei-impulsa-apertura-colaboracion-y-exito-compartido-para-habilitar-la-transformacion-digital-y-construir-un-mundo-mejor-conectado/,archivo,noindex,0,0,,134,158,200,
4833,https://www.publi20.com/noticias/los-operadores-de-telefonia-movil-aprovechan-los-us12-billones-del-ecosistema-de-los-viajes/,archivo,noindex,0,0,,93,155,200,
