origen,destino
/publicidad-negocios-mexico/5-comerciales-censurados-que-causaron-controversia,/publicidad/creatividad/comerciales-prohibidos-censurados/
/publicidad-negocios-mexico/de-merolicos-y-charlatanes,/publicidad/aliados-o-charlatanes-donde-te-ves/
/publicidad-negocios-mexico/la-publicidad-que-no-sirve,/publicidad/guias/lo-que-todo-anunciante-debe-saber-la-mitad-de-la-publicidad-sirve-la-otra-mitad-no/
/publicidad-negocios-mexico/los-anunciantes-quieren-resultados-no-promesas,/publicidad/guias/lo-que-todo-anunciante-debe-saber-la-mitad-de-la-publicidad-sirve-la-otra-mitad-no/
/publicidad-negocios-mexico/cuando-se-alcanza-el-exito-en-redes-sociales,/mercadotecnia/marketing-digital/los-numeros-no-importan-la-influencia-si/
/publicidad-negocios-mexico/el-contenido-como-metrica-incorrecta-de-marketing,/mercadotecnia/marketing-digital/los-numeros-no-importan-la-influencia-si/
/publicidad-negocios-mexico/olvidate-de-los-millennials-la-edad-no-importa,/mercadotecnia/
/publicidad-negocios-mexico/la-reconciliacion-de-los-consumidores-y-el,/mercadotecnia/
/publicidad-negocios-mexico/los-pasos-para-convertirte-en-un-lider-de-,/emprendimiento/
