ruta,clics,impresiones
/proveedores/publicidad-exterior/234-vendor-publicidad-exterior-s-de-r-l-de-cv,586,10537
/proveedores/television/casas-productoras/pagina3,379,21639
/proveedores/120-grupo-alparied-s-a-de-c-v,293,1234
/proveedores/publicidad-exterior/1126-agencia-de-publicidad-exterior-5m2,270,2715
/proveedores/agencias/agencias-de-medios/594-impactos-frecuencia-y-cobertura-en-medios-sa-de-cv,220,1053
/,128,8222
/proveedores/150-corporacion-interpublic-mexicana-sa-de-cv,123,1227
/proveedores/activaciones/256-5w-mexico-sa-cv,118,1597
/proveedores/publicidad-exterior/1138-agencia-de-publicidad-exterior-pm-on-street,102,1019
/proveedores/medios-alternos/260-anuncios-en-directorios-sa-de-cv,92,965
/proveedores/stands-y-display/1722-stands-y-displays-grupo-om,82,1557
/proveedores/429-empresas-isal-s-de-rl-de-cv,72,1576
/proveedores/impresion-y-artes-graficas/251-arte-integral-expresion-sa-de-cv,66,276
/proveedores/551-publicaciones-del-chuviscar-s-a-de-c-v,59,516
/proveedores/medios-alternos/425-anuncios-en-directorios-s-a-de-c-v,55,1013
/proveedores/agencias/agencias-de-publicidad/1076-agencia-de-publicidad-pico-adworks,53,484
/proveedores/impresion-y-artes-graficas/78-carteleras-y-neon-espectaculares-sa-cv,51,497
/proveedores/impresion-y-artes-graficas/47-flexo-print-s-a-de-c-v,50,843
/proveedores/agencias/agencias-de-publicidad/1069-agencia-de-publicidad-olabuenaga-chemistri,48,584
/1841-herramientas-online-offline-mejorar-productividad,46,1954
/proveedores/publicidad-exterior/espectaculares-mexico/100-vendor-publicidad-exterior-s-de-rl-de-cv,46,959
/proveedores/673-capaco-sa-de-cv,44,780
/proveedores/agencias/agencias-de-promocion/953-agencia-de-promocion-menta-producciones,43,483
/proveedores/publicidad-exterior/1142-agencia-de-publicidad-exterior-strada-publicidad,43,276
/proveedores/impresion-y-artes-graficas/292-soltar-impresores-s-a-de-c-v,42,1099
/proveedores/television/casas-productoras,40,3717
/proveedores/agencias/agencias-de-mercadotecnia/371-global-producciones-and-marketing-sa-de-cv,39,1503
/proveedores/645-saga-del-cupatitzio-s-a-de-c-v,37,187
/proveedores/promocionales/340-marketing-and-promotion-s-a-de-c-v,36,2464
/proveedores/557-producciones-signaleticas-mexicanas-s-a-de-c-v,35,1160
/proveedores/106-intersexion-monterrey-s-c,35,821
/1584-5-comerciales-censurados-que-causaron-controversia,34,887
/proveedores/diseno/1381-despacho-de-diseno-diseno-y-publicidad-mexicana,33,1830
/proveedores/agencias/agencias-de-promocion/935-agencia-de-promocion-dinamica-en-mercadotecnia,33,366
/proveedores/114-amfar-sa-de-cv,32,582
/proveedores/radio/94-ad-medios-s-a-de-c-v,31,828
/proveedores/agencias/agencias-de-publicidad/1048-agencia-de-publicidad-jwt-mexico,29,915
/proveedores/agencias/agencias-de-publicidad/1050-agencia-de-publicidad-la-doble-vida,29,383
/proveedores/television/casas-productoras/1641-productoras-cineconcepto,28,116
/proveedores/agencias/agencias-de-promocion,27,11317
/noticias,26,1406
/proveedores/investigacion-de-mercados/1592-investigacion-de-mercados-phenoma,26,364
/proveedores/promocionales/articulos-promocionales/71-medios-publicitarios-e-investigacion-sa-de-cv,26,286
/proveedores/television/casas-productoras/1657-productoras-gelatina-films,26,139
/proveedores/television/54-tv-promo-s-a-de-c-v,22,873
/proveedores/publicidad-exterior/474-display-publicidad-exterior-s-a-de-c-v,22,550
/proveedores/agencias/agencias-de-publicidad/982-agencia-de-publicidad-021-comunicaciones,22,92
/proveedores/agencias/agencias-de-medios/todo,19,7273
/proveedores/television/casas-productoras/todo,19,4282
/proveedores/television/estudios-de-grabacion/1545-estudios-y-foros-en-renta-talento-post,19,71
/proveedores/95-quiero-media-s-a-de-c-v,18,94
/proveedores/agencias/agencias-de-publicidad/1054-agencia-de-publicidad-leo-burnett-mexico,16,1001
/component/mtree/publicidad-exterior,16,840
/proveedores/agencias/agencias-de-publicidad/621-publicidad-augusto-elias-s-a-de-c-v,16,764
/proveedores/agencias/agencias-de-promocion/954-agencia-de-promocion-mercalogic,16,415
/proveedores/266-west-mex-s-a-de-c-v,16,398
/proveedores/agencias/agencias-de-promocion/974-agencia-de-promocion-shark-btl,16,132
/proveedores/estaciones-de-radio,15,1804
/proveedores/estaciones-de-radio/30-mvs-radio-df,14,1944
/proveedores/agencias/agencias-de-medios/73-logica-en-medios-sa-de-cv,14,180
/noticias,13,362
/proveedores/radio/622-grupo-radio-mexico-cuidad-juarez-s-a-de-c-v,13,358
/proveedores/agencias/agencias-de-publicidad/1034-agencia-de-publicidad-gaudelli-mcw,13,133
/proveedores/promocionales/235-reconocimientos-y-promocionales-mexcio-sa-de-cv,13,113
/proveedores/agencias/agencias-de-publicidad/1107-agencia-de-publicidad-grupo-vale-euro-rscg,13,100
/proveedores/agencias/agencias-de-promocion/936-agencia-de-promocion-dinamerc,13,73
/proveedores/agencias/agencias-de-publicidad/985-agencia-de-publicidad-area6,12,1062
/proveedores/agencias/agencias-de-publicidad/1079-agencia-de-publicidad-primitivo-publicidad,12,784
/proveedores/stands-y-display,12,552
/proveedores/publicidad-exterior/314-vendor-publicidad-exterior-s-de-rl-de-c-v/contactar,12,259
/proveedores/agencias/agencias-de-publicidad/1113-agencia-de-publicidad-ar-weitzner-y-asociados,12,78
/proveedores/estaciones-de-radio/musica/22-amor-953-df,11,1590
/proveedores/publicidad-exterior,11,1378
/proveedores/491-publimaya,11,1038
/proveedores/impresion-y-artes-graficas/325-vinil-de-zacatecas-sc-de-p-de-rl,11,382
/proveedores/revistas-media-kit,11,291
/proveedores/publicidad-exterior/314-vendor-publicidad-exterior-s-de-rl-de-c-v,11,197
/proveedores/marketing-digital/841-agencia-de-marketing-digital-elogia-mexico,10,2086
/proveedores/322-grupo-estratega-de-publicidad-sa-de-cv,10,601
/proveedores/publicidad-exterior/526-unipolares-y-espectaculares-del-norte-s-a-de-c-v,10,185
/proveedores/64-vea-de-occidente-s-a-de-c-v,10,85
/proveedores/273-servicios-andes,10,36
/proveedores/buscar-por/state,9,1058
/proveedores/publicidad-exterior/1-fama-impresos-df,9,714
/proveedores,9,529
/proveedores/impresion-y-artes-graficas/181-impacto-lonas-y-toldos-y-publicidad,9,505
/proveedores/promocionales/430-promoshape-s-de-rl-de-cv,9,353
/proveedores/533-publitotal-sa-de-cv,9,309
/proveedores/agencias/agencias-de-publicidad/677-casa-publicidad-y-asociados-s-a-de-c-v,9,244
/proveedores/agencias/agencias-de-promocion/947-agencia-de-promocion-grupo-sur-promociones,9,213
/proveedores/444-grupo-hiperformas-del-bajio-s-a-de-c-v,9,90
/proveedores/television/casas-productoras/1656-productoras-garcia-bross-y-asociados,9,88
/proveedores/agencias/agencias-de-medios/231-impactos-frecuencia-y-cobertura-en-medios-sa-de-cv,9,71
/proveedores/diseno/1410-despacho-de-diseno-retorno-tassier,9,47
/proveedores/419-screencast-s-a-p-i-de-cv,9,37
/proveedores/television/casas-productoras/1703-productoras-tiempo-y-tono-films,9,21
/proveedores/730-publi-1000,8,444
/proveedores/activaciones,8,405
/proveedores/agencias/agencias-de-medios/905-agencia-de-medios-quiroga-agencia-de-medios,8,323
/,8,275
/proveedores/investigacion-de-mercados/1576-investigacion-de-mercados-ibope-agb,8,138
/proveedores/223-sign-solutions-s-a-de-c-v,8,125
/proveedores/impresion-y-artes-graficas/183-grupo-impresor-litografico,8,119
/proveedores/television/casas-productoras/1625-productoras-bulldog-films,8,113
/proveedores/agencias/agencias-de-promocion/925-agencia-de-promocion-grupo-bahlcasa,8,105
/proveedores/agencias/agencias-de-publicidad/1148-agencia-de-publicidad-farmaceutica-asterisco-healthcare-communications,8,79
/component/mtree/agencias/agencias-de-promocion/pagina1,7,859
/proveedores/agencias/rp-s/1210-agencia-de-relaciones-publicas-31416r-relaciones-publicas,7,836
/proveedores/radio/51-nucleo-radio-mil-s-a-de-c-v,7,751
/component/mtree/agencias/agencias-de-promocion/925-agencia-de-promocion-grupo-bahlcasa,7,419
/proveedores/impresion-y-artes-graficas/158-graphics-signs-s-a-de-c-v,7,396
/proveedores/buscar-por/state,7,325
/proveedores/agencias/agencias-de-publicidad/1023-agencia-de-publicidad-de-haro-publicidad,7,299
/proveedores/agencias/agencias-de-publicidad/1014-agencia-de-publicidad-clemente-camara-y-asociados,7,275
/proveedores/agencias/agencias-de-publicidad/992-agencia-de-publicidad-alazraki-y-asociados,7,254
/proveedores/agencias/agencias-de-mercadotecnia/1296-agencias-de-marketing-el-orfanato-ideas-sin-madre,7,232
/proveedores/agencias/agencias-de-mercadotecnia/1293-agencias-de-marketing-dialogo-boutique-creativa,7,115
/proveedores/agencias/agencias-de-publicidad/1007-agencia-de-publicidad-bypower,7,100
/proveedores/television/casas-productoras/1683-productoras-peliculas-imaginarias,7,80
/proveedores/556-north-american-mailing-services-s-de-r-l-de-c-v,7,52
/proveedores/promocionales/164-active-promotions-s-a-de-c-v,7,42
/proveedores/impresion-y-artes-graficas/609-ayje-imprenta-s-a-de-c-v,7,39
/proveedores/716-gmb-comunicaciones-sa-de-cv,7,30
/proveedores/agencias/agencias-de-publicidad/1085-agencia-de-publicidad-publicis-mexico,6,1307
/proveedores/television/casas-productoras/1631-productoras-cantarranas-films,6,789
/component/mtree/buscar-por/state,6,428
/proveedores/agencias/agencias-de-mercadotecnia/1286-agencias-de-marketing-circulo-de-ideas-btl,6,414
/proveedores/agencias/agencias-de-publicidad/1157-agencia-de-publicidad-farmaceutica-queruva,6,351
/proveedores/publicidad-exterior/espectaculares-mexico/142-espacios-publicitarios-estrategicos-s-a-de-c-v,6,208
/proveedores/agencias/rp-s/1196-agencia-de-relaciones-publicas-iq-pr,6,152
/proveedores/promocionales/1364-articulos-promocionales-gimmick,6,116
/proveedores/56-grupo-creativos,6,103
/component/mtree/agencias/agencias-de-publicidad/pagina7,6,95
/proveedores/agencias/agencias-de-mercadotecnia/1335-agencias-de-marketing-pcc-brand-group-mexico,6,78
/proveedores/television/casas-productoras/1686-productoras-planeta-films,6,60
/proveedores/152-camaleon-films-sa-de-cv,6,60
/proveedores/agencias/agencias-de-publicidad/1053-agencia-de-publicidad-lebrija-rubio-publicidad,6,60
/proveedores/agencias/agencias-de-publicidad/997-agencia-de-publicidad-amk-healthcare,6,55
/proveedores/marketing-digital/1252-agencia-digital-rancho-digital,6,55
/proveedores/impresion-y-artes-graficas/251-arte-integral-expresion-sa-de-cv/contactar,6,45
/proveedores/television/casas-productoras/1705-productoras-tribu-films-producciones,6,42
/proveedores/television/casas-productoras/1663-productoras-imax-producciones,6,29
/proveedores/agencias/agencias-de-publicidad/1045-agencia-de-publicidad-inmotion-productions,6,27
/proveedores/impresion-y-artes-graficas/48-impresos-proppim-s-a-de-c-v,6,17
/proveedores/investigacion-de-mercados,5,6041
/proveedores/investigacion-de-mercados/pagina2,5,1612
/component/mtree/publicidad-exterior/todo,5,1112
/proveedores/221-eficolor,5,932
/proveedores/publicidad-exterior/1129-agencia-de-publicidad-exterior-grupo-rentable,5,653
/proveedores/agencias/agencias-de-mercadotecnia/1344-agencias-de-marketing-rt-marketing,5,418
/proveedores/pop,5,391
/proveedores/agencias/agencias-de-publicidad/1081-agencia-de-publicidad-promo-express,5,307
/proveedores/publicidad-exterior/1144-agencia-de-publicidad-exterior-vendor,5,281
/proveedores/agencias/agencias-de-publicidad/1121-agencia-de-publicidad-zoo,5,190
/proveedores/publicidad-exterior/1128-agencia-de-publicidad-exterior-cencom,5,132
/proveedores/600-snell-ventures-s-de-rl-de-cv,5,124
/proveedores/262-comercializadora-publishuttle-sa-de-cv/contactar,5,118
/component/mtree/publicidad-exterior/todo/pagina2,5,109
/proveedores/impresion-y-artes-graficas/80-rotulen-de-mexico-s-a-de-c-v,5,107
/proveedores/377-publicaciones-metropolitanas-s-a-de-c-v,5,105
/proveedores/diseno/1408-despacho-de-diseno-promomania,5,82
/proveedores/diseno/1424-despacho-de-diseno-torneo-de-ideas,5,75
/proveedores/promocionales/457-promotora-de-medios-de-comunicacion-sa-de-cv,5,64
/proveedores/agencias/agencias-de-publicidad/1090-agencia-de-publicidad-nazca-saatchi-y-saatchi,5,63
/proveedores/473-spectradyne-international-inc,5,45
/proveedores/agencias/agencias-de-medios/591-optimizacion-en-medios-s-a-de-c-v,5,44
/proveedores/diseno/1412-despacho-de-diseno-ruiz-rocha,5,39
/proveedores/112-publicum-consultores-s-a-de-c-v,5,27
/proveedores/agencias/agencias-de-mercadotecnia/1347-agencias-de-marketing-servipromer,5,25
/proveedores/agencias/agencias-de-mercadotecnia/1288-agencias-de-marketing-conceptmkt,5,10
/proveedores/123-comercializadora-vocafys-s-a-de-c-v,5,7
/proveedores/agencias/agencias-de-publicidad,4,13854
/proveedores/impresion-y-artes-graficas/imprentas-digital/1565-impresion-digital-litografica-selene,4,664
/proveedores/impresion-y-artes-graficas/105-spacio-grafico,4,634
/proveedores/agencias/agencias-de-modelos,4,619
/4383-caro-es-lo-que-no-puedes-pagar,4,582
/proveedores/investigacion-de-mercados/1600-investigacion-de-mercados-tns-mexico,4,518
/proveedores/agencias/agencias-de-modelos/9-boga-models-df,4,505
/proveedores/publicidad-exterior/685-atm-espectaculares-s-a-de-c-v,4,426
/proveedores/agencias/agencias-de-promocion/931-agencia-de-promocion-circus-marketing,4,373
/component/mtree/buscar-por/country/2,4,312
/proveedores/agencias/rp-s/1189-agencia-de-relaciones-publicas-enlace-integral,4,262
/proveedores/agencias/agencias-de-promocion/964-agencia-de-promocion-promolatina,4,228
/5342-etica-en-las-agencias-de-publicidad-y-anarquia-en-los-negocios,4,224
/proveedores/agencias/agencias-de-publicidad/994-agencia-de-publicidad-alvarado-molina,4,206
/proveedores/television/1512-doblaje-y-subtitulaje-prime-dubb,4,193
/proveedores/agencias/agencias-de-publicidad/735-publimedios,4,188
/proveedores/588-aseco-sa-de-cv,4,187
/proveedores/promocionales/455-promoser-grupo-publicitario-s-r-l-de-c-v,4,184
/proveedores/television/1515-estudio-de-animacion-cinema-fantasma,4,178
/proveedores/buscar-por/city,4,167
/proveedores/561-comercializadora-megaprint-s-de-r-l-de-c-v,4,160
/proveedores/agencias/agencias-de-publicidad/1032-agencia-de-publicidad-ganem-group,4,138
/proveedores/promocionales/531-click-articulos-promocionales-s-a-de-c-v,4,117
/proveedores/agencias/agencias-de-publicidad/641-reyes-cano-publicidad-sa-de-cv,4,110
/proveedores/agencias/agencias-de-mercadotecnia/1338-agencias-de-marketing-publisenal,4,103
/proveedores/agencias/agencias-de-publicidad/1038-agencia-de-publicidad-guru-market,4,101
/proveedores/agencias/agencias-de-tecnologia/1221-agencia-de-tecnologia-monere-business,4,100
/proveedores/promocionales/338-promoser-grupo-publicitario-s-de-r-l-de-c-v,4,99
/proveedores/agencias/agencias-de-publicidad/1066-agencia-de-publicidad-ninja,4,95
/proveedores/603-comercabos-sa-de-cv,4,80
/proveedores/agencias/agencias-de-publicidad/302-csm-publicidad-s-a-de-c-v,4,76
/proveedores/medios-alternos/394-anuncios-en-directorios-s-a-de-c-v,4,75
/proveedores/580-bunker-y-taylor-s-a-de-c-v,4,67
/proveedores/agencias/agencias-de-publicidad/296-publicidad-activa-mobil-s-a-de-c-v,4,60
/proveedores/television/casas-productoras/1677-productoras-metro-producciones,4,59
/proveedores/publicidad-exterior/1142-agencia-de-publicidad-exterior-strada-publicidad/contactar,4,56
/proveedores/television/casas-productoras/1650-productoras-espejo-y-asociados,4,46
/proveedores/diseno/1370-despacho-de-diseno-arg-comunicacion,4,45
/proveedores/159-fusion-media-s-a-de-c-v,4,40
/proveedores/marketing-digital/1252-agencia-digital-rancho-digital/contactar,4,40
/proveedores/agencias/502-directo-agencia-s-a-de-c-v,4,38
/proveedores/eventos/787-agencia-de-eventos-grupo-nicte,4,36
/proveedores/diseno/1401-despacho-de-diseno-metanoia-publicidad,4,27
/proveedores/television/casas-productoras/1644-productoras-dr-comunicacion,4,24
/proveedores/diseno/1426-despacho-de-diseno-wish-socios-creativos,4,22
/proveedores/293-aram-y-asociados-s-a-de-c-v,4,20
/proveedores/buscar-por/city/8,4,18
/proveedores/radio/doblaje-y-locucion/817-agencia-de-locutores-palestino-y-asociados,4,16
/component/mtree/agencias/agencias-de-publicidad,3,4656
/proveedores/estaciones-de-radio/2-grupo-acir-df,3,1627
/proveedores/agencias/agencias-de-mercadotecnia/752-agencia-de-comunicacion-y-marketing-central-media,3,1213
/proveedores/stands-y-display/todo,3,816
/proveedores/agencias/agencias-de-medios/903-agencia-de-medios-omd-mexico,3,809
/proveedores/buscar-por/state/1,3,750
/proveedores/agencias/agencias-de-publicidad/1080-agencia-de-publicidad-promarket,3,642
/proveedores/187-playeras-joshua,3,622
/proveedores/agencias/agencias-de-promocion/952-agencia-de-promocion-market-pro-lideres-de-mercado,3,595
/proveedores/524-calendarios-len,3,548
/proveedores/marketing-digital/890-agencia-de-marketing-digital-t2o-media-mexico,3,382
/component/mtree/impresion-y-artes-graficas/todo/pagina2,3,368
/proveedores/promocionales,3,320
/proveedores/122-la-voz-de-michoacan-s-a-de-c-v,3,315
/proveedores/buscar-por/city,3,313
/proveedores/agencias/agencias-de-publicidad/1100-agencia-de-publicidad-synapsis-de-mexico,3,261
/proveedores/estaciones-de-radio/todo,3,248
/proveedores/agencias/agencias-de-publicidad/1156-agencia-de-publicidad-farmaceutica-punto-pen,3,236
/proveedores/investigacion-de-mercados/1599-investigacion-de-mercados-sigmate-research,3,215
/proveedores/agencias/agencias-de-publicidad/1039-agencia-de-publicidad-havas-worldwide-mexico,3,210
/proveedores/publicidad-exterior/326-ads-publicidad-total-srl-de-cv,3,209
/proveedores/227-publi-express,3,207
/proveedores/87-licon-y-asociados-s-a-de-c-v,3,201
/proveedores/impresion-y-artes-graficas/45-creaciones-artisticas-publicitarias-sa-de-cv,3,195
/proveedores/agencias/agencias-de-publicidad/1083-agencia-de-publicidad-proyecta-publicidad,3,191
/proveedores/eventos/fotografias/14-photobooth-mexico-df,3,177
/component/mtree/buscar-por/city,3,162
/proveedores/agencias/agencias-de-publicidad/1120-agencia-de-publicidad-zeta-publicidad,3,160
/proveedores/television/casas-productoras/pagina1,3,146
/proveedores/431-grupo-signos-s-a-de-c-v,3,127
/component/mtree/publicidad-exterior/espectaculares-mexico/todo,3,106
/proveedores/92-global-media-asesores-s-a-de-c-v,3,104
/proveedores/impresion-y-artes-graficas/669-imprenta-siglo-xxv-s-a-de-c-v,3,100
/proveedores/stands-y-display/236-expo-display-de-queretaro-renta-sa-de-cv,3,100
/proveedores/pop/1363-agencias-de-publicidad-pop-grupo-rubrica,3,96
/proveedores/impresion-y-artes-graficas/706-imagen-impresa-de-occidente-s-a-de-c-v,3,95
/proveedores/buscar-por/city,3,93
/proveedores/170-publicom,3,77
/proveedores/agencias/agencias-de-publicidad/1028-agencia-de-publicidad-euro-beker-rscg,3,77
/proveedores/television/casas-productoras/1645-productoras-distrito-films,3,73
/proveedores/agencias/agencias-de-publicidad/1046-agencia-de-publicidad-in-situ-publicidad,3,72
/proveedores/119-kubica,3,71
/proveedores/agencias/agencias-de-publicidad/390-creatimex-publicidad-sa-de-cv,3,62
/proveedores/agencias/agencias-de-publicidad/1055-agencia-de-publicidad-lowe,3,61
/proveedores/114-amfar-sa-de-cv/contactar,3,60
/proveedores/impresion-y-artes-graficas/575-milgraf-puebla-s-a-de-c-v,3,57
/proveedores/310-servicios-de-administracion-e-informatica-sa-de-cv,3,56
/proveedores/impresion-y-artes-graficas/79-rotulaciones-de-chihuahua-sa-de-cv,3,52
/proveedores/pop/1362-agencias-de-publicidad-pop-pulso-tec,3,49
/proveedores/agencias/agencias-de-modelos/915-agencia-de-modelos-gli-attori-casting,3,49
/proveedores/impresion-y-artes-graficas/587-rotulos-computarizados-e-impuresos-del-surestes-s-a-de-c-v,3,46
/proveedores/television/estudios-de-grabacion/1520-estudio-de-grabacion-equis-cosa,3,38
/proveedores/diseno/192-diseños-le-fame-s-a-de-c-v,3,38
/autofintech-mexico/,3,37
/proveedores/promocionales/146-imaginacion-promocional-s-a-de-c-v,3,36
/proveedores/116-grupo-ublicitario-del-golfo-s-a-de-c-v,3,35
/proveedores/agencias/agencias-de-publicidad/530-matisse-publicidad,3,32
/proveedores/476-numeros-creativos-s-c,3,31
/proveedores/407-publiport-sa-de-cv,3,27
/proveedores/radio/416-radio-america-de-mexico-sa-de-cv,3,27
/proveedores/agencias/agencias-de-publicidad/1150-agencia-de-publicidad-farmaceutica-carlos-ascobereta-publicidad,3,26
/proveedores/364-televisora-peninsular-s-a-de-c-v,3,25
/proveedores/agencias/rp-s/1185-agencia-de-relaciones-publicas-cohn-y-wolfe-mexico,3,23
/proveedores/television/casas-productoras/1678-productoras-muela-producciones,3,21
/proveedores/agencias/agencias-de-publicidad/1044-agencia-de-publicidad-increapublicidad,3,19
/proveedores/354-sacale-jugo-a-tu-marca-is-de-r-l-de-c-v,3,16
/proveedores/agencias/agencias-de-modelos/921-agencia-de-modelos-voala-models,3,16
/proveedores/200-questa-de-mexico-s-a-de-c-v,3,15
/proveedores/eventos/43-brain-firma-creativa,3,9
/proveedores/television/casas-productoras/1616-productoras-armar-producciones,3,7
/proveedores/agencias/agencias-de-promocion/956-agencia-de-promocion-msprom,3,5
/proveedores/agencias,2,2522
/proveedores/television/casas-productoras/pagina4,2,925
/noticias/5410-canela-tv-plataforma-de-streaming-gratuito-llega-a-mexico,2,729
/component/mtree/stands-y-display,2,641
/proveedores/television/1506-doblaje-y-subtitulaje-candiani-dubbing-studios,2,607
/proveedores/agencias/agencias-de-mercadotecnia/749-agencia-de-comunicacion-y-marketing-agencia-i,2,557
/proveedores/221-eficolor/contactar,2,537
/proveedores/178-gsi-fabril-sa-de-cv,2,432
/proveedores/agencias/agencias-de-publicidad/1016-agencia-de-publicidad-com-comunicacion-integral,2,425
/proveedores/agencias/rp-s/1203-agencia-de-relaciones-publicas-makken-rrpp,2,398
/proveedores/agencias/rp-s/1197-agencia-de-relaciones-publicas-kaleidoscopio-pr,2,364
/proveedores/415-publitec,2,352
/proveedores/agencias/agencias-de-publicidad/384-oh-publicidad-y-negocios,2,336
/proveedores/601-g4-de-mexico-s-a-de-c-v,2,328
/proveedores/diseno/diseno-y-desarrollo-web/1457-diseno-y-desarrollo-web-denumeris-interactive,2,317
/proveedores/agencias/agencias-de-mercadotecnia/1278-agencias-de-marketing-asylum-mexico,2,314
/proveedores/agencias/agencias-de-publicidad/141-pimsa-publicidad-s-a-de-c-v,2,309
/proveedores/239-isa-corporativo-s-a-de-c-v,2,287
/proveedores/buscar-por/country/5,2,277
/proveedores/television/casas-productoras/1665-productoras-kreatta-producciones,2,270
/proveedores/impresion-y-artes-graficas/todo/pagina5,2,258
/proveedores/agencias/agencias-de-publicidad/1092-agencia-de-publicidad-seis-grados,2,246
/proveedores/agencias/agencias-de-publicidad/589-consultoria-y-asesoria-en-publicidad-sa-de-cv,2,246
/proveedores/agencias/agencias-de-publicidad/611-a-publicidad,2,235
/proveedores/diseno/diseno-y-desarrollo-web/1437-diseno-y-desarrollo-web-abargon-evalue-developers,2,215
/proveedores/impresion-y-artes-graficas/292-soltar-impresores-s-a-de-c-v/contactar,2,188
/proveedores/publicidad-exterior/1125-agencia-de-publicidad-exterior-casa-publicidad-y-asociados,2,183
/proveedores/television/casas-productoras/1706-productoras-vdm-casa-productora,2,175
/component/mtree/publicidad-exterior/espectaculares-mexico,2,165
/proveedores/diseno/fotografia/1555-fotografia-segarra-estudio,2,153
/proveedores/investigacion-de-mercados/1592-investigacion-de-mercados-phenoma/contactar,2,153
/proveedores/television/casas-productoras/1626-productoras-byg-studio,2,147
/proveedores/agencias/agencias-de-publicidad/62-instituto-de-mercadotecnia-y-publicidad-sc,2,147
/proveedores/eventos/786-agencia-de-eventos-grupo-probaco,2,141
/proveedores/television/casas-productoras/pagina2,2,141
/proveedores/eventos/782-agencia-de-eventos-csf-av-productions,2,139
/proveedores/promocionales/articulos-promocionales,2,139
/proveedores/publicidad-exterior/espectaculares-mexico,2,135
/proveedores/agencias/agencias-de-publicidad/1040-agencia-de-publicidad-haz-comunicacion,2,131
/proveedores/agencias/agencias-de-publicidad/1029-agencia-de-publicidad-grupo-ferrer,2,131
/component/mtree/buscar-por/country/69,2,126
/proveedores/agencias/agencias-de-mercadotecnia/1305-agencias-de-marketing-future-group,2,126
/5343-los-numeros-no-importan-la-influencia-si,2,123
/proveedores/investigacion-de-mercados/1572-investigacion-de-mercados-evamerc,2,107
/proveedores/agencias/agencias-de-modelos/918-agencia-de-modelos-look-models-mexico,2,102
/proveedores/television/casas-productoras/1709-productoras-whiskey-films,2,97
/proveedores/agencias/agencias-de-publicidad/232-mr-publicidad-s-a-de-c-v,2,96
/proveedores/todo/pagina3,2,95
/proveedores/publicidad-exterior/57-aztral-publicidad-exterior-s-a-de-c-v,2,94
/proveedores/investigacion-de-mercados/1579-investigacion-de-mercados-ipsos-bimsa,2,94
/proveedores/agencias/agencias-de-mercadotecnia/1294-agencias-de-marketing-dlb-group-mexico,2,93
/proveedores/732-publiplaya,2,92
/proveedores/agencias/agencias-de-recursos-humanos/1160-agencia-de-recursos-humanos-cm-talent-y-development,2,89
/proveedores/agencias/agencias-de-mercadotecnia/1325-agencias-de-marketing-materia-gris,2,82
/proveedores/agencias/agencias-de-publicidad/1053-agencia-de-publicidad-lebrija-rubio-publicidad/contactar,2,78
/proveedores/agencias/agencias-de-promocion/pagina3,2,78
/proveedores/buscar-por/state/10,2,76
/proveedores/449-beltran-y-bernal-stoopen-sc,2,74
/proveedores/agencias/agencias-de-tecnologia/1224-agencia-de-tecnologia-tkinov,2,74
/proveedores/406-publimedia-los-cabos-sa-de-cv,2,64
/component/mtree/buscar-por/state,2,62
/proveedores/investigacion-de-mercados/1586-investigacion-de-mercados-merc-gfk,2,62
/proveedores/agencias/agencias-de-medios/899-agencia-de-medios-mediacorp,2,61
/proveedores/buscar-por/city,2,61
/listing/889-noticias-df/,2,60
/proveedores/413-mentor-s-a-de-c-v,2,56
/proveedores/97-editorial-magesa-s-a-de-c-v,2,56
/proveedores/television/estudios-de-grabacion/1540-estudios-y-foros-en-renta-56-cinco-punto-seis,2,56
/proveedores/74-grupo-chong-signs,2,55
/proveedores/602-comercializadora-gps-2000-sa-de-cv,2,55
/proveedores/agencias/agencias-de-medios/563-estrategia-inteligente-de-medios-s-a-de-c-v,2,54
/proveedores/buscar-por/city,2,52
/proveedores/impresion-y-artes-graficas/160-imagenes-de-guadalajara-s-a-de-c-v,2,51
/proveedores/inbound-marketing-mexico/734-fernando-arturo-martinez-aguilar/recomendar,2,48
/proveedores/television/casas-productoras/1614-productoras-ares-producciones,2,47
/proveedores/buscar-por/country/33,2,47
/proveedores/agencias/agencias-de-publicidad/1111-agencia-de-publicidad-w360°,2,47
/proveedores/impresion-y-artes-graficas/243-seriart-publicidad,2,44
/proveedores/269-hyc-trade-business-s-a-de-c-v,2,43
/proveedores/buscar-por/city,2,43
/proveedores/68-cortina-tagle-isoard-y-cia-sc,2,42
/proveedores/stands-y-display/1723-stands-y-displays-grupo-tochijara,2,40
/proveedores/television/casas-productoras/1660-productoras-hormiga-films,2,39
/proveedores/promocionales/articulos-promocionales/71-medios-publicitarios-e-investigacion-sa-de-cv/contactar,2,38
/proveedores/363-multimedia-del-sureste-s-a-de-c-v,2,37
/component/mtree/buscar-por/country/48,2,36
/proveedores/418-grupo-mistica-sa-de-cv,2,35
/proveedores/495-fazt-proveedor-de-publiservicios-sa-de-cv,2,35
/proveedores/marketing-digital/1228-agencia-digital-clarus-digital,2,34
/proveedores/194-cyflex-s-a-de-c-v,2,33
/proveedores/impresion-y-artes-graficas/96-grafic-quin-s-a-de-c-v,2,33
/proveedores/agencias/agencias-de-modelos/909-agencia-de-modelos-bravo-model,2,32
/proveedores/262-comercializadora-publishuttle-sa-de-cv,2,31
/proveedores/promocionales/todo/pagina2,2,31
/proveedores/444-grupo-hiperformas-del-bajio-s-a-de-c-v/contactar,2,30
/proveedores/agencias/agencias-de-publicidad/1025-agencia-de-publicidad-dendrita-publicidad,2,30
/proveedores/agencias/agencias-de-publicidad/380-isi-publicidad,2,29
/proveedores/diseno/diseno-y-desarrollo-web/1465-diseno-y-desarrollo-web-gamol,2,27
/proveedores/marketing-digital/819-agencia-de-marketing-digital-abaco-digital,2,26
/proveedores/agencias/agencias-de-publicidad/618-tisca-publicidad,2,24
/proveedores/354-sacale-jugo-a-tu-marca-is-de-r-l-de-c-v/contactar,2,22
/proveedores/publicidad-exterior/250-difusion-exterior-s-a-de-c-v,2,22
/1670-como-se-deben-empezar-las-cosas-por-el-principio,2,22
/proveedores/diseno/1410-despacho-de-diseno-retorno-tassier/contactar,2,21
/component/mtree/buscar-por/city/17,2,21
/proveedores/investigacion-de-mercados/1601-investigacion-de-mercados-wilbert-sierra-y-asociados,2,20
/proveedores/287-rumbo-publicaciones-s-c,2,19
/proveedores/agencias/agencias-de-publicidad/1106-agencia-de-publicidad-tovar-mina-y-asociados/contactar,2,19
/proveedores/agencias/agencias-de-publicidad/1042-agencia-de-publicidad-imagogenia,2,18
/proveedores/486-jugo-de-tomate-s-a-de-c-v,2,18
/proveedores/145-grupo-stiletto-s-a-de-c-v,2,16
/proveedores/agencias/agencias-de-medios/594-impactos-frecuencia-y-cobertura-en-medios-sa-de-cv/contactar,2,15
/proveedores/television/estudios-de-grabacion/1534-estudio-de-grabacion-mixtlan-producciones,2,15
/proveedores/agencias/agencias-de-mercadotecnia/771-agencia-de-comunicacion-y-marketing-tangerine-soul-pr,2,14
/proveedores/542-sign-fussion-s-a-de-c-v,2,14
/proveedores/television/casas-productoras/1638-productoras-chapulte-pictures,2,13
/proveedores/television/casas-productoras/1703-productoras-tiempo-y-tono-films/contactar,2,13
/proveedores/television/casas-productoras/1657-productoras-gelatina-films/contactar,2,12
/proveedores/investigacion-de-mercados/1574-investigacion-de-mercados-grupo-arkho,2,11
/proveedores/promocionales/todo,2,10
/proveedores/radio/doblaje-y-locucion/815-agencia-de-locutores-produccion-coordinada,2,9
/proveedores/radio/445-organizacion-radiofonica-de-chihuahua-s-a,2,9
/proveedores/agencias/agencias-de-publicidad/1105-agencia-de-publicidad-todolocontrario,2,8
/proveedores/agencias/agencias-de-publicidad/1159-agencia-de-publicidad-farmaceutica-timspa,2,8
/proveedores/agencias/agencias-de-publicidad/1012-agencia-de-publicidad-chilaquile-btl,2,7
/proveedores/television/casas-productoras/1603-productoras-1910-films,2,7
/proveedores/agencias/agencias-de-medios/279-ingenieria-creativa-en-medios-s-c,2,6
/proveedores/agencias/rp-s/1209-agencia-de-relaciones-publicas-penagos-comunicacion,2,4
/proveedores/revistas-media-kit/universitarias/12-integra-df,2,3
/proveedores/television/casas-productoras/1633-productoras-casa-12-producciones,2,3
/proveedores/investigacion-de-mercados/1593-investigacion-de-mercados-planning-antropologico,2,3
/proveedores/diseno/diseno-y-desarrollo-web/1501-diseno-y-desarrollo-web-weblex,1,21704
/proveedores/agencias/agencias-de-publicidad/1110-agencia-de-publicidad-vux,1,759
/proveedores/impresion-y-artes-graficas/401-memetica-diseño-e-impresion,1,736
/proveedores/investigacion-de-mercados/1588-investigacion-de-mercados-mkt-noroeste,1,540
/proveedores/agencias/agencias-de-publicidad/1088-agencia-de-publicidad-el-recreo-comunicacion,1,508
/proveedores/494-publi-imagen,1,460
/proveedores/inbound-marketing-mexico/1728-go-virtual,1,445
/component/mtree/buscar-por/city,1,438
/component/mtree/buscar-por/city,1,421
/proveedores/impresion-y-artes-graficas/701-grafinsa-grafica-s-a-de-c-v,1,419
/proveedores/agencias/agencias-de-promocion/950-agencia-de-promocion-inteligencia-avanzada,1,392
/proveedores/agencias/agencias-de-publicidad/1078-agencia-de-publicidad-postermedia,1,380
/proveedores/investigacion-de-mercados/todo,1,336
/proveedores/buscar-por/city,1,331
/proveedores/agencias/agencias-de-promocion/944-agencia-de-promocion-grupo-cepron,1,328
/component/mtree/radio/doblaje-y-locucion,1,316
/proveedores/television/casas-productoras/1701-productoras-terciopelo-films,1,312
/proveedores/promocionales/518-giro-promocional-de-occidente-s-a-de-c-v,1,291
/proveedores/impresion-y-artes-graficas/261-viniletras-s-a-de-c-v,1,271
/proveedores/agencias/agencias-de-publicidad/1015-agencia-de-publicidad-click-publicidad,1,267
/proveedores/publicidad-exterior/pagina1,1,266
/proveedores/impresion-y-artes-graficas/414-publicidad-grafica-sa-de-cv,1,262
/proveedores/agencias/agencias-de-medios/pagina1,1,256
/proveedores/buscar-por/city,1,254
/proveedores/television/1511-doblaje-y-subtitulaje-new-art-dub,1,235
/proveedores/television/casas-productoras/1648-productoras-el-mall,1,230
/proveedores/150-corporacion-interpublic-mexicana-sa-de-cv/contactar,1,229
/proveedores/television/estudios-de-grabacion/1532-estudio-de-grabacion-jarpa-studio,1,211
/proveedores/67-enfiestate-com,1,208
/proveedores/agencias/agencias-de-promocion/963-agencia-de-promocion-marketing-y-promotion,1,186
/component/mtree/buscar-por/state,1,186
/5301-como-la-ves-verdad-que-todo-depende,1,175
/proveedores/agencias/agencias-de-mercadotecnia/1275-agencias-de-marketing-alternativa-mdi,1,173
/proveedores/108-zale-graphic-s-a-de-c-v,1,169
/proveedores/buscar-por/state,1,165
/proveedores/publicidad-exterior/1-fama-impresos-df/contactar,1,162
/5387-infografia-claves-para-edificar-tu-marca-personal,1,162
/component/mtree/buscar-por/state,1,159
/proveedores/agencias/agencias-de-promocion/933-agencia-de-promocion-grupo-creatica,1,158
/proveedores/television/casas-productoras/1649-productoras-elote-films,1,154
/proveedores/promocionales/346-promo-rigba-internacional-s-de-rl-de-cv,1,150
/5409-que-significa-la-llegada-de-facebook-marketplace-para-las-agencias-de-autos,1,150
/proveedores/marketing-digital/1245-agencia-digital-lunave,1,144
/proveedores/buscar-por/state,1,141
/proveedores/agencias/agencias-de-publicidad/621-publicidad-augusto-elias-s-a-de-c-v/contactar,1,137
/component/mtree/buscar-por/city,1,135
/component/mtree/radio/todo,1,131
/component/mtree/television/casas-productoras/pagina1,1,130
/proveedores/agencias/agencias-de-publicidad/1005-agencia-de-publicidad-bbdo-mexico,1,127
/proveedores/agencias/agencias-de-medios/904-agencia-de-medios-promosat,1,122
/proveedores/marketing-digital/868-agencia-de-marketing-digital-merca-3w,1,116
/proveedores/agencias/agencias-de-publicidad/1146-agencia-de-publicidad-farmaceutica-adacosta,1,114
/proveedores/medios-alternos/176-anuncios-exitosos-en-internet-s-a-de-c-v,1,114
/proveedores/543-comercializadora-chester-s-a-de-c-v,1,110
/proveedores/publicidad-exterior/171-publisitios-de-mexico-sa-de-cv,1,108
/proveedores/marketing-digital/882-agencia-de-marketing-digital-publiclick,1,108
/proveedores/510-calendarios-len,1,108
/proveedores/429-empresas-isal-s-de-rl-de-cv/contactar,1,106
/proveedores/publicidad-exterior/1131-agencia-de-publicidad-exterior-grupo-imu,1,106
/proveedores/eventos,1,101
/anunciantes,1,100
/proveedores/buscar-por/country/61,1,100
/component/mtree/buscar-por/city,1,98
/proveedores/70-publycom-s-a-de-c-v,1,98
/proveedores/television/casas-productoras/1672-productoras-the-lift,1,98
/component/mtree/impresion-y-artes-graficas/pagina4,1,98
/proveedores/117-protarget-estrategia-profesional-s-a-de-c-v,1,95
/proveedores/agencias/agencias-de-publicidad/pagina9,1,95
/proveedores/agencias/agencias-de-promocion/932-agencia-de-promocion-corporativo-pedrote,1,90
/proveedores/publicidad-exterior/1133-agencia-de-publicidad-exterior-publicidad-exterior-lagunas,1,90
/proveedores/230-yahoo-de-mexico-s-a-de-c-v,1,86
/proveedores/television/casas-productoras/1667-productoras-la-fabrica-films,1,85
/proveedores/investigacion-de-mercados/1571-investigacion-de-mercados-de-la-riva-group,1,83
/proveedores/buscar-por/city,1,83
/proveedores/agencias/agencias-de-recursos-humanos/1177-agencia-de-recursos-humanos-suplementos-corporativos,1,83
/proveedores/marketing-digital/834-agencia-de-marketing-digital-coco-marketing,1,82
/proveedores/agencias/agencias-de-publicidad/1082-agencia-de-publicidad-proyecta-live-brand,1,81
/proveedores/marketing-digital/870-agencia-de-marketing-digital-metrica-btl-y-digital,1,80
/proveedores/agencias/agencias-de-publicidad/1001-agencia-de-publicidad-arroyo-publicidad,1,79
/proveedores/marketing-digital/1225-agencia-digital-ada-mexico,1,79
/component/mtree/buscar-por/city,1,79
/component/mtree/television/estudios-de-grabacion,1,79
/proveedores/diseno/1414-despacho-de-diseno-scientika,1,78
/proveedores/buscar-por/country/3,1,77
/proveedores/449-beltran-y-bernal-stoopen-sc/recomendar,1,77
/proveedores/133-cmyk-modelo-de-color,1,76
/proveedores/television/estudios-de-grabacion/1533-estudio-de-grabacion-lado-a-estudios,1,75
/proveedores/301-publi-anuncios,1,75
/proveedores/agencias/agencias-de-medios/595-top-medios-s-a-de-c-v,1,73
/component/mtree/diseno/pagina3,1,73
/proveedores/buscar-por/state,1,73
/component/mtree/agencias/agencias-de-promocion/todo/pagina2,1,73
/proveedores/radio/doblaje-y-locucion/810-agencia-de-locutores-bomberazostv,1,72
/proveedores/buscar-por/state/1,1,72
/proveedores/promocionales/1367-articulos-promocionales-promoline,1,72
/proveedores/agencias/agencias-de-modelos/todo,1,72
/proveedores/411-informacion-del-noreste-s-a-de-c-v,1,71
/listing/grupo-acir-df/,1,70
/proveedores/buscar-por/city,1,69
/proveedores/capacitacion-y-cursos/742-agencia-de-capacitacion-alef-consultores,1,68
/2455-un-truco-de-5-segundos-para-tu-proxima-reunion-via-remota,1,67
/proveedores/agencias/agencias-de-publicidad/1108-agencia-de-publicidad-visual-latina,1,65
/proveedores/pagina2,1,65
/proveedores/557-producciones-signaleticas-mexicanas-s-a-de-c-v/contactar,1,65
/proveedores/promocionales/305-promociones-acevedo,1,64
/proveedores/buscar-por/country/64,1,64
/proveedores/buscar-por/city,1,63
/proveedores/agencias/agencias-de-mercadotecnia/1339-agencias-de-marketing-publiza-marketing,1,61
/proveedores/69-veloga-sa-de-cv,1,60
/proveedores/publicidad-exterior/espectaculares-mexico/210-rcg-espectaculares-sa-de-cv,1,60
/,1,60
/proveedores/publicidad-exterior/1132-agencia-de-publicidad-exterior-isa-corporativo,1,59
/proveedores/291-multi-signos-s-a-de-c-v,1,58
/proveedores/agencias/agencias-de-publicidad/1077-agencia-de-publicidad-pool-creativo,1,58
/proveedores/240-megapantallas-de-mexico-s-a-de-c-v,1,57
/proveedores/eventos/789-agencia-de-eventos-jyj-eventos,1,57
/proveedores/agencias/agencias-de-publicidad/290-extra-publicidad,1,56
/proveedores/pop/1360-agencias-de-publicidad-pop-exhibipop,1,55
/proveedores/radio/doblaje-y-locucion/808-agencia-de-locutores-allegro-publicitario,1,54
/proveedores/inbound-marketing-mexico/734-fernando-arturo-martinez-aguilar,1,52
/proveedores/marketing-digital/1231-agencia-digital-digital-coaster,1,52
/proveedores/730-publi-1000/contactar,1,51
/proveedores/television/estudios-de-grabacion/1542-estudios-y-foros-en-renta-palmera-films,1,51
/proveedores/agencias/agencias-de-mercadotecnia/1346-agencias-de-marketing-sensorik-mkt,1,51
/proveedores/280-doble-l-comunicacion-e-informacion,1,50
/component/mtree/buscar-por/country/4,1,50
/proveedores/agencias/agencias-de-publicidad/1060-agencia-de-publicidad-medellin-publicistas,1,49
/proveedores/125-intersexion-queretaro-s-c,1,48
/proveedores/marketing-digital/1257-agencia-digital-zetabe/contactar,1,47
/proveedores/diseno/diseno-y-desarrollo-web/1489-diseno-y-desarrollo-web-pixel--dot,1,47
/proveedores/agencias/agencias-de-tecnologia/1716-soporte-tecnico-it-sistemas-tecnocen,1,46
/proveedores/marketing-digital/856-agencia-de-marketing-digital-kamikaze-lab,1,45
/proveedores/46-cap-servicios-empresariales-sa-de-cv,1,45
/proveedores/buscar-por/city,1,44
/component/mtree/buscar-por/city,1,44
/isuzu-presenta-el-autobus-para-pasajeros-elf-600-bus/,1,44
/proveedores/150-corporacion-interpublic-mexicana-sa-de-cv/recomendar,1,44
/proveedores/369-descar-s-a-de-c-v,1,43
/proveedores/promocionales/347-promo-rigba-internacional-s-de-rl-de-cv,1,43
/proveedores/impresion-y-artes-graficas/643-evolucion-grafica,1,43
/proveedores/agencias/agencias-de-publicidad/205-mi-publicidad,1,41
/etiquetas/marcas,1,41
/proveedores/impresion-y-artes-graficas/575-milgraf-puebla-s-a-de-c-v/contactar,1,40
/proveedores/agencias/agencias-de-mercadotecnia/1301-agencias-de-marketing-exotic-marketing-group,1,40
/proveedores/radio/doblaje-y-locucion/814-agencia-de-locutores-manhattan-beat,1,40
/proveedores/agencias/agencias-de-publicidad/318-publidigital,1,39
/proveedores/132-zega-exhibit-design-s-a-de-c-v/contactar,1,38
/proveedores/promocionales/637-grupo-namis-negocios-alianzas-medios-interactivos-sa-de-cv,1,38
/proveedores/diseno/1420-despacho-de-diseno-sphein-design-studios,1,37
/proveedores/agencias/agencias-de-publicidad/1104-agencia-de-publicidad-titan-mexico,1,37
/proveedores/90-publi-shine-s-a-de-c-v,1,36
/proveedores/buscar-por/country/32,1,36
/proveedores/impresion-y-artes-graficas/697-agdi-publicidad,1,35
/proveedores/investigacion-de-mercados/1578-investigacion-de-mercados-innovative-marketing-y-consultants,1,35
/proveedores/agencias/agencias-de-publicidad/1154-agencia-de-publicidad-farmaceutica-marketing-latino,1,35
/proveedores/agencias/agencias-de-publicidad/680-contreras-publicidad,1,35
/proveedores/agencias/agencias-de-medios/626-corporativo-medios-en-movimiento-s-a-de-c-v,1,34
/proveedores/television/casas-productoras/1640-productoras-ciberfilms,1,34
/proveedores/agencias/agencias-de-recursos-humanos/1171-agencia-de-recursos-humanos-mexidooro-internacional,1,34
/proveedores/todo/pagina41,1,34
/proveedores/diseno/1368-despacho-de-diseno-adc-global-creativity,1,34
/proveedores/533-publitotal-sa-de-cv/contactar,1,32
/proveedores/agencias/agencias-de-promocion/932-agencia-de-promocion-corporativo-pedrote/contactar,1,32
/proveedores/impresion-y-artes-graficas/335-aka-imagen-impresa,1,32
/proveedores/eventos/todo,1,32
/component/mtree/,1,31
/proveedores/agencias/agencias-de-publicidad/110-publicidad-osorio,1,31
/proveedores/diseno/1419-despacho-de-diseno-solo-idea,1,30
/proveedores/403-publiservicios-vanguardia-s-a-de-c-v,1,30
/proveedores/marketing-digital/874-agencia-de-marketing-digital-ontwice-interactive-marketing,1,30
/noticias/5270-el-parque-eolico-dominica-de-enel-en-mexico-gana-el-premio-de-sostenibilidad-del-bid,1,30
/proveedores/eventos/778-agencia-de-eventos-blend-producciones,1,29
/proveedores/television/casas-productoras/1698-productoras-suave-films,1,29
/proveedores/agencias/agencias-de-mercadotecnia/1286-agencias-de-marketing-circulo-de-ideas-btl/contactar,1,29
/proveedores/608-anuncios-luminosos-neon-america,1,29
/proveedores/99-angelus-producciones-s-a-de-c-v,1,28
/proveedores/692-profesionales-de-playa-mujeres-sa-de-cv,1,28
/proveedores/buscar-por/country/16,1,28
/landsteiner-scientific-la-farmaceutica-mexicana-mejor-posicionada-en-el-ranking-great-place-to-work/,1,28
/proveedores/impresion-y-artes-graficas/521-sublimarte-s-a-de-c-v,1,28
/proveedores/agencias/agencias-de-publicidad/1153-agencia-de-publicidad-farmaceutica-ifloat-mexico,1,27
/proveedores/promocionales/146-imaginacion-promocional-s-a-de-c-v/contactar,1,27
/proveedores/marketing-digital/1250-agencia-digital-otromexico-sc,1,27
/proveedores/agencias/agencias-de-publicidad/163-publicidad-de-aguinaga-sa-de-cv,1,27
/proveedores/impresion-y-artes-graficas/593-24-grafics-s-a-de-c-v,1,27
/proveedores/pop/displays,1,26
/proveedores/agencias/agencias-de-mercadotecnia/758-agencia-de-comunicacion-y-marketing-godisruptive,1,26
/proveedores/radio/doblaje-y-locucion/818-agencia-de-locutores-tm-locutores,1,26
/proveedores/agencias/agencias-de-medios/209-business-y-medios-s-a-de-c-v,1,25
/proveedores/294-lira,1,25
/proveedores/promocionales/articulos-promocionales/599-corporacion-publicitaria-rg-sa-de-cv,1,25
/proveedores/agencias/agencias-de-publicidad/497-computadoras-y-publicidad-s-a-de-c-v,1,25
/listing/photobooth-mexico-df/,1,25
/proveedores/television/casas-productoras/1609-productoras-altavision-producciones-sc,1,24
/noticias/5323-la-compania-de-busqueda-de-ejecutivos-kincannon-reed-expande-su-presencia-en-latinoamerica,1,24
/proveedores/todo/pagina27,1,23
/proveedores/impresion-y-artes-graficas/pagina5,1,23
/proveedores/agencias/agencias-de-modelos/917-agencia-de-modelos-lmnts-promotions,1,23
/4715-de-merolicos-y-charlatanes,1,21
/proveedores/buscar-por/city,1,21
/proveedores/marketing-digital/848-agencia-de-marketing-digital-garritz-online-media,1,21
/proveedores/298-habitat-creativo-sa-de-cv,1,21
/proveedores/capacitacion-y-cursos/741-agencia-de-capacitacion-achieveglobal,1,21
/component/mtree/impresion-y-artes-graficas/todo,1,21
/component/mtree/,1,20
/proveedores/agencias/agencias-de-publicidad/1061-agencia-de-publicidad-möller-comunicacion-de-marcas,1,20
/proveedores/eventos/791-agencia-de-eventos-macllam-producciones/recomendar,1,20
/proveedores/investigacion-de-mercados/1594-investigacion-de-mercados-psyma-latina,1,20
/proveedores/television/casas-productoras/1652-productoras-fc-films,1,19
/proveedores/television/casas-productoras/1624-productoras-brixton-films,1,19
/proveedores/agencias/agencias-de-mercadotecnia/1306-agencias-de-marketing-genera-studio,1,19
/proveedores/132-zega-exhibit-design-s-a-de-c-v,1,19
/listing/viniletras-s-a-de-c-v/,1,19
/proveedores/publicidad-exterior/1130-agencia-de-publicidad-exterior-impacto-capital,1,19
/proveedores/buscar-por/city,1,19
/proveedores/publicidad-exterior/1145-agencia-de-publicidad-exterior-wachovia,1,18
/proveedores/television/casas-productoras/1664-productoras-käfer-producciones,1,18
/proveedores/television/estudios-de-grabacion/1526-estudio-de-grabacion-catapulta-studios,1,18
/proveedores/promocionales/articulos-promocionales/237-secorp-vision-publicitaria-s-de-rl-de-cv,1,18
/listing/rotulen-de-mexico-s-a-de-c-v/,1,17
/proveedores/323-publi-maya,1,17
/proveedores/marketing-digital/857-agencia-de-marketing-digital-klein-und-gross,1,17
/proveedores/agencias/agencias-de-publicidad/1052-agencia-de-publicidad-lagencita,1,16
/proveedores/agencias/agencias-de-publicidad/644-comercializadora-copasi-publicidad,1,16
/proveedores/diseno/diseno-y-desarrollo-web/1470-diseno-y-desarrollo-web-grupo-bfx,1,16
/proveedores/todo/pagina79,1,15
/proveedores/53-telepersonal-s-a-d-e-c-v,1,14
/proveedores/238-d-mentes-creativas-s-de-rl,1,14
/proveedores/television/casas-productoras/1622-productoras-bitbang-studio,1,13
/proveedores/356-hildetex-s-a-de-c-v,1,13
/proveedores/agencias/agencias-de-publicidad/1151-agencia-de-publicidad-farmaceutica-cdyp-concepto-diseno-y-publicidad,1,13
/tane-y-la-iconica-iris-apfel-colaboran-juntos-en-una-coleccion-inolvidable/,1,13
/proveedores/495-fazt-proveedor-de-publiservicios-sa-de-cv/recomendar,1,13
/proveedores/agencias/agencias-de-publicidad/1024-agencia-de-publicidad-delta-group,1,13
/proveedores/agencias/agencias-de-publicidad/628-bimad-publicidad-s-a-de-c-v,1,11
/proveedores/television/casas-productoras/1711-productoras-yellow-films,1,10
/proveedores/agencias/agencias-de-promocion/976-agencia-de-promocion-sinergia-xxi,1,10
/proveedores/radio/doblaje-y-locucion/817-agencia-de-locutores-palestino-y-asociados/contactar,1,10
/proveedores/agencias/agencias-de-publicidad/1096-agencia-de-publicidad-spora-publicidad-y-diseno-grafico,1,10
/proveedores/radio/489-radiodifusoras-y-televisoras-de-occidente-s-a-de-c-v,1,10
/proveedores/buscar-por/city,1,10
/proveedores/marketing-digital/1256-agencia-digital-toro-digital,1,10
/component/mtree/buscar-por/city/40,1,10
/proveedores/pagina6,1,10
/directorio,1,10
/proveedores/agencias/todo/pagina9,1,10
/proveedores/agencias/agencias-de-publicidad/1056-agencia-de-publicidad-magnus-mccoy,1,9
/proveedores/television/casas-productoras/1699-productoras-suitechocolate,1,9
/proveedores/agencias/agencias-de-promocion/951-agencia-de-promocion-grupo-interlinks,1,9
/proveedores/agencias/agencias-de-publicidad/1031-agencia-de-publicidad-frente-btl/contactar,1,9
/proveedores/investigacion-de-mercados/1598-investigacion-de-mercados-questudies,1,8
/proveedores/agencias/agencias-de-medios/647-alroja-medios-sa-de-cv,1,8
/listing/saga-del-cupatitzio-s-a-de-c-v/,1,8
/proveedores/agencias/agencias-de-publicidad/1107-agencia-de-publicidad-grupo-vale-euro-rscg/contactar,1,8
/proveedores/agencias/agencias-de-publicidad/529-xpresate-publicidad,1,8
/listing/productoras-vdm-casa-productora/,1,8
/proveedores/197-guias-exclusivas-s-a-de-c-v,1,8
/component/mtree/buscar-por/city,1,8
/proveedores/diseno/todo/pagina2,1,8
/proveedores/agencias/agencias-de-diseno/777-agencia-de-diseno-industrial-traktor-lab,1,7
/proveedores/60-liselot-s-a-de-c-v,1,7
/proveedores/agencias/agencias-de-promocion/971-agencia-de-promocion-ronin7,1,7
/proveedores/marketing-digital/836-agencia-de-marketing-digital-crossmedia,1,7
/proveedores/agencias/agencias-de-publicidad/1018-agencia-de-publicidad-crecere-quorum,1,7
/proveedores/buscar-por/city,1,7
/proveedores/agencias/agencias-de-modelos/910-agencia-de-modelos-captura-models,1,6
/listing/grupo-creativos/,1,6
/proveedores/agencias/agencias-de-mercadotecnia/1284-agencias-de-marketing-campus-marketing,1,6
/proveedores/television/casas-productoras/1693-productoras-silver-media-studio,1,5
/noticias/5413-converse-x-brain-dead,1,5
/proveedores/television/1513-doblaje-y-subtitulaje-rgb-21,1,5
/proveedores/buscar-por/city,1,5
/proveedores/89-grupo-ojeda,1,5
/proveedores/agencias/agencias-de-publicidad/498-grupo-comercial-coagsa-digital-sa-de-cv/contactar,1,5
/proveedores/agencias/agencias-de-mercadotecnia/1345-agencias-de-marketing-ideas-ruizmed,1,4
/proveedores/impresion-y-artes-graficas/imprentas-digital/1564-impresion-digital-grupo-efsa,1,4
/proveedores/impresion-y-artes-graficas/48-impresos-proppim-s-a-de-c-v/contactar,1,4
/proveedores/impresion-y-artes-graficas/imprentas-digital/1566-impresion-digital-grupo-venegraphic,1,4
/proveedores/buscar-por/city,1,4
/proveedores/buscar-por/city,1,3
/proveedores/publicidad-exterior/1123-agencia-de-publicidad-exterior-cadpro-vallas-moviles,1,3
/proveedores/diseno/1386-despacho-de-diseno-estop-diseno,1,3
/proveedores/convenciones/aerolineas/37-aeromexico,1,3
/5386-si-tu-puedes-despedir-a-un-cliente,1,3
/proveedores/buscar-por/city,1,2
/proveedores/television/casas-productoras/1621-productoras-betelfilms,1,2
/proveedores/television/casas-productoras/todo/pagina3,1,2
/destino-extraordinario-el-nuevo-reto-de-meditacion-de-deepak-chopra-e-ismael-cala/,1,2
/proveedores/investigacion-de-mercados/1597-investigacion-de-mercados-qualimerc,1,2
/proveedores/eventos/43-brain-firma-creativa/contactar,1,2
/proveedores/diseno/diseno-y-desarrollo-web/1461-diseno-y-desarrollo-web-el-milagrito,1,2
/el-mayors-challenge-2016-de-bloomberg-philanthropies-da-la-bienvenida-a-363-ciudades-de-america-latina-y-el-caribe-con-cinco-ciudades-de-la-republica-dominicana-representadas/,1,2
/proveedores/agencias/agencias-de-mercadotecnia/772-agencia-de-comunicacion-y-marketing-tengo-una-idea,1,2
/packers-plus-y-schlumberger-ingresan-a-una-alianza-global/,1,2
/proveedores/publicidad-exterior/1142-agencia-de-publicidad-exterior-strada-publicidad/recomendar,1,2
/proveedores/125-intersexion-queretaro-s-c/contactar,1,1
/proveedores/388-guia-conurbada,1,1
/proveedores/buscar-por/city,1,1
/proveedores/buscar-por/city,1,1
/proveedores/stands-y-display/renta-de-equipo-audiovisual/44-fdfoco,1,1
/proveedores/49-monsadria-s-a/contactar,1,1
/proveedores/buscar-por/city,1,1
/proveedores/inbound-marketing-mexico,0,9460
/proveedores/promocionales/pagina1,0,757
/proveedores/agencias/rp-s/1194-agencia-de-relaciones-publicas-grupo-public,0,619
/proveedores/buscar-por/city,0,614
/component/mtree/estaciones-de-radio/musica/23-mix-106.5-df,0,575
/proveedores/convenciones/aerolineas/41-volaris,0,543
/5408-equipo-interno-de-marketing-digital-o-agencia-externa-la-experiencia-del-sector-automotriz,0,510
/proveedores/impresion-y-artes-graficas/311-lonas-y-etiquetas,0,496
/proveedores/165-publicolor,0,430
/proveedores/impresion-y-artes-graficas/pagina3,0,423
/component/mtree/agencias/agencias-de-mercadotecnia/todo,0,405
/proveedores/agencias/agencias-de-publicidad/367-maxima-publicidad,0,344
/proveedores/buscar-por/city/7,0,329
/proveedores/buscar-por/city,0,310
/proveedores/agencias/agencias-de-promocion/957-agencia-de-promocion-pauta-creativa,0,287
/proveedores/agencias/rp-s,0,285
/proveedores/impresion-y-artes-graficas/370-grafiko-publicidad,0,269
/proveedores/220-calcom-de-mexico,0,252
/proveedores/promocionales/1366-articulos-promocionales-linkar-publicidad,0,241
/proveedores/agencias/agencias-de-publicidad/360-blau-publicidad,0,240
/proveedores/marketing-digital/1229-agencia-digital-the-cluster-agency,0,239
/proveedores/agencias/agencias-de-mercadotecnia/1318-agencias-de-marketing-keep-in-touch-marketing-mexico,0,239
/proveedores/impresion-y-artes-graficas/imprentas-digital/1563-impresion-digital-geformas,0,238
/proveedores/buscar-por/city,0,233
/proveedores/marketing-digital/840-agencia-de-marketing-digital-dm-playbook,0,227
/proveedores/promocionales/articulos-promocionales/todo,0,214
/proveedores/impresion-y-artes-graficas,0,214
/proveedores/303-creasunn-s-a-de-cv,0,201
/proveedores/publicidad-exterior/1140-agencia-de-publicidad-exterior-publisitios,0,184
/proveedores/marketing-digital/822-agencia-de-marketing-digital-antevenio-mexico,0,179
/5412-amda-retail-digital-y-la-innovacion-en-el-mercado-de-autos-seminuevos-en-mexico,0,179
/component/mtree/buscar-por/state,0,176
/proveedores/diseno/diseno-y-desarrollo-web/1501-diseno-y-desarrollo-web-weblex/contactar,0,173
/amda-retail-digital-y-la-innovacion-en-el-mercado-de-autos-seminuevos-en-mexico/,0,172
/proveedores/buscar-por/city/15,0,170
/proveedores/agencias/agencias-de-mercadotecnia,0,170
/canela-tv-plataforma-de-streaming-gratuito-llega-a-mexico/,0,169
/proveedores/diseno/1395-despacho-de-diseno-kolazh-diseno-grafico,0,168
/proveedores/agencias/rp-s/1193-agencia-de-relaciones-publicas-fleishmanhillard-mexico,0,166
/proveedores/agencias/agencias-de-mercadotecnia/748-agencia-de-comunicacion-y-marketing-abc-digital,0,165
/proveedores/249-publimerc,0,163
/proveedores/estaciones-de-radio/musica/3-digital-993-df,0,161
/proveedores/agencias/agencias-de-mercadotecnia/774-agencia-de-comunicacion-y-marketing-the-jeffrey-group,0,159
/proveedores/agencias/agencias-de-modelos/907-agencia-de-modelos-agencia-de-modelos-mexico,0,156
/proveedores/buscar-por/city,0,153
/proveedores/buscar-por/country/32,0,150
/proveedores/agencias/agencias-de-mercadotecnia/1341-agencias-de-marketing-quarks-consultoria-creativa,0,149
/noticias/4988-ecwid-la-solucion-1-de-comercio-electronico-lanza-un-sitio-web-enfocado-en-mexico,0,147
/proveedores/promocionales/articulos-promocionales/127-publicitarios-del-norte-de-mexico-s-a-de-c-v,0,145
/proveedores/buscar-por/city,0,138
/component/mtree/buscar-por/country/59,0,135
/proveedores/marketing-digital/855-agencia-de-marketing-digital-jetclic,0,132
/proveedores/buscar-por/city,0,132
/proveedores/medios-alternos,0,130
/proveedores/impresion-y-artes-graficas/imprentas-digital/1560-impresion-digital-argoga-soluciones-avanzadas-en-sistemas,0,129
/component/mtree/television/casas-productoras/pagina2,0,128
/proveedores/investigacion-de-mercados/1584-investigacion-de-mercados-master-research,0,126
/proveedores/agencias/agencias-de-mercadotecnia/1280-agencias-de-marketing-branch-branding,0,126
/proveedores/485-rapicolor,0,123
/proveedores/radio/doblaje-y-locucion/816-agencia-de-locutores-ronin-locutores,0,122
/proveedores/buscar-por/city/23,0,120
/proveedores/agencias/agencias-de-promocion/922-agencia-de-promocion-advertising-and-promotion,0,119
/component/mtree/buscar-por/city,0,118
/1711-una-gran-vision-sin-gente-sobresaliente-es-irrelevante,0,117
/proveedores/321-otero-27,0,116
/proveedores/diseno/diseno-multimedia/1261-agencia-interactiva-ingenia-group,0,116
/proveedores/impresion-y-artes-graficas/254-maxi-grafica,0,115
/proveedores/agencias/agencias-de-mercadotecnia/766-agencia-de-comunicacion-y-marketing-pixel-siete,0,115
/proveedores/agencias/agencias-de-promocion/928-agencia-de-promocion-biruzz,0,114
/proveedores/impresion-y-artes-graficas/225-trazo-vinil-publicidad-sa-de-cv,0,114
/proveedores/agencias/agencias-de-publicidad/1068-agencia-de-publicidad-ogilvy-y-mather,0,113
/proveedores/agencias/agencias-de-publicidad/1086-agencia-de-publicidad-publycity,0,112
/proveedores/agencias/agencias-de-publicidad/pagina6,0,112
/noticias/5262-destino-extraordinario-el-nuevo-reto-de-meditacion-de-deepak-chopra-e-ismael-cala,0,112
/proveedores/169-sak,0,111
/mapa-de-sitio,0,110
/proveedores/promocionales/186-comercializadora-de-promocionales-ideas-de-puebla-sa-de-cv,0,110
/proveedores/buscar-por/country/77,0,110
/proveedores/buscar-por/country/77,0,107
/proveedores/603-comercabos-sa-de-cv/contactar,0,105
/component/mtree/agencias/agencias-de-promocion/todo/pagina3,0,105
/noticias/5221-enel-green-power-confirma-su-liderazgo-en-energias-renovables-en-mexico-tras-resultados-de-subasta,0,105
/proveedores/buscar-por/city,0,103
/proveedores/agencias/agencias-de-promocion/958-agencia-de-promocion-payroling,0,103
/proveedores/agencias/agencias-de-publicidad/1036-agencia-de-publicidad-grey-global-group-mexico,0,100
/afluenta-la-red-lider-de-financiamiento-entre-personas-de-america-latina-recibe-us-8-millones-de-dolares-de-ifc-y-elevar-equity-para-expandirse-en-la-region/,0,98
/component/mtree/buscar-por/city,0,96
/proveedores/promocionales/articulos-promocionales/630-servicios-publicitarios-publiram,0,96
/component/mtree/buscar-por/city,0,96
/proveedores/buscar-por/city,0,96
/proveedores/agencias/agencias-de-mercadotecnia/769-agencia-de-comunicacion-y-marketing-spalancati,0,95
/proveedores/agencias/agencias-de-publicidad/1011-agencia-de-publicidad-cheil-mexico,0,94
/proveedores/stands-y-display/39-expomex,0,92
/proveedores/television/casas-productoras/1646-productoras-elemento-producciones,0,91
/proveedores/agencias/agencias-de-medios/902-agencia-de-medios-nuklear,0,91
/proveedores/buscar-por/country/19,0,91
/proveedores/television/casas-productoras/1623-productoras-bit-produccion-de-medios-digitales,0,87
/proveedores/investigacion-de-mercados/1575-investigacion-de-mercados-gyd-investigacion-de-mercados,0,85
/proveedores/buscar-por/city,0,85
/proveedores/publicidad-exterior/1143-agencia-de-publicidad-exterior-vanguardia-publicitaria,0,84
/proveedores/television/casas-productoras/todo/pagina2,0,84
/proveedores/impresion-y-artes-graficas/357-artigraf,0,83
/proveedores/buscar-por/country/77,0,82
/proveedores/agencias/agencias-de-publicidad/84-integra-tu-publicidad-sc,0,81
/proveedores/diseno/1398-despacho-de-diseno-lerf-diseno,0,80
/proveedores/stands-y-display/1727-stands-y-displays-stand-123,0,80
/proveedores/agencias/agencias-de-publicidad/1043-agencia-de-publicidad-imagic-group,0,79
/component/mtree/promocionales,0,79
/proveedores/agencias/agencias-de-publicidad/582-orlandos-publicidad,0,78
/proveedores/agencias/agencias-de-mercadotecnia/1309-agencias-de-marketing-gideas,0,78
/proveedores/buscar-por/city,0,78
/proveedores/agencias/agencias-de-promocion/950-agencia-de-promocion-inteligencia-avanzada/contactar,0,78
/proveedores/television/casas-productoras/1637-productoras-central-films,0,77
/proveedores/marketing-digital/837-agencia-de-marketing-digital-cubos-web,0,77
/proveedores/radio,0,77
/proveedores/agencias/agencias-de-mercadotecnia/652-servicios-de-asesoria-y-marketing-de-tamaulipas-sa-de-cv,0,77
/proveedores/agencias/agencias-de-mercadotecnia/1302-agencias-de-marketing-fidelity-marketing,0,76
/proveedores/impresion-y-artes-graficas/130-faster-print,0,76
/proveedores/publicidad-exterior/1137-agencia-de-publicidad-exterior-mepexsa,0,75
/proveedores/diseno/1413-despacho-de-diseno-sago-publicidad,0,73
/proveedores/medios-alternos/66-anuncios-en-directorios-s-a-de-c-v/contactar,0,73
/proveedores/television/casas-productoras/1702-productoras-the-maestros,0,73
/proveedores/agencias/agencias-de-publicidad/1088-agencia-de-publicidad-el-recreo-comunicacion/contactar,0,73
/proveedores/impresion-y-artes-graficas/todo/pagina4,0,73
/proveedores/agencias/agencias-de-recursos-humanos/1165-agencia-de-recursos-humanos-hm-consultores,0,73
/proveedores/impresion-y-artes-graficas/435-grabados-gira,0,72
/que-significa-la-llegada-de-facebook-marketplace-para-las-agencias-de-autos/,0,72
/proveedores/marketing-digital/872-agencia-de-marketing-digital-nativo-digital,0,72
/proveedores/agencias/agencias-de-publicidad/1031-agencia-de-publicidad-frente-btl,0,72
/proveedores/268-publi-pac,0,71
/proveedores/223-sign-solutions-s-a-de-c-v/contactar,0,70
/proveedores/422-arclad-de-mexico-sa-de-cv-oficinas,0,70
/proveedores/television/casas-productoras/1610-productoras-anima-estudios,0,70
/proveedores/buscar-por/city/26,0,69
/proveedores/492-ramirez,0,69
/component/mtree/buscar-por/city/15,0,69
/proveedores/agencias/agencias-de-publicidad/271-o-k-publicidad,0,68
/proveedores/impresion-y-artes-graficas/139-gransfeer-ideas-publicidad-impresa-especializada-sa-de-cv,0,68
/noticias/5243-nerium-international-ofrece-innovacion-para-la-vitalidad-cerebral-con-el-lanzamiento-en-mexico-del-suplemento-alimenticio-eht,0,68
/proveedores/agencias/agencias-de-publicidad/232-mr-publicidad-s-a-de-c-v/contactar,0,66
/proveedores/impresion-y-artes-graficas/480-noved-arte,0,66
/proveedores/buscar-por/city,0,66
/proveedores/television/1508-doblaje-y-subtitulaje-digifilm,0,65
/proveedores/publicidad-exterior/374-clarol-publicidad-exterior-s-c,0,65
/proveedores/buscar-por/state,0,65
/proveedores/buscar-por/city/42,0,65
/proveedores/diseno/fotografia/1556-fotografia-shaktiprod,0,63
/proveedores/87-licon-y-asociados-s-a-de-c-v/contactar,0,63
/proveedores/agencias/rp-s/1183-agencia-de-relaciones-publicas-audacia-comunicacion,0,63
/proveedores/agencias/agencias-de-medios,0,63
/component/mtree/buscar-por/country/59,0,62
/component/mtree/publicidad-exterior/pagina2,0,62
/component/mtree/agencias/agencias-de-publicidad/pagina2,0,62
/proveedores/diseno/1418-despacho-de-diseno-sol-consultores,0,61
/proveedores/marketing-digital,0,61
/directorio/,0,61
/component/mtree/agencias/agencias-de-publicidad/pagina10,0,61
/proveedores/agencias/agencias-de-promocion/943-agencia-de-promocion-glow-y-grow,0,60
/proveedores/buscar-por/city,0,57
/5016-lo-que-todo-anunciante-debe-saber-la-mitad-de-la-publicidad-sirve-la-otra-mitad-no,0,57
/proveedores/agencias/agencias-de-medios/906-agencia-de-medios-zenithoptimedia,0,56
/proveedores/agencias/agencias-de-publicidad/1074-agencia-de-publicidad-pgiovascom,0,56
/proveedores/medios-alternos/185-anuncios-de-directorios-s-a-de-c-v,0,56
/proveedores/diseno/1415-despacho-de-diseno-serikat-diseno,0,56
/proveedores/agencias/todo/pagina2,0,55
/proveedores/agencias/agencias-de-mercadotecnia/358-ncyg-marketing-publicidad-y-producciones-sa-de-c-v,0,55
/proveedores/agencias/agencias-de-mercadotecnia/775-agencia-de-comunicacion-y-marketing-vinter-marketing-vibrations,0,55
/proveedores/radio/doblaje-y-locucion,0,55
/proveedores/560-ponme-imagen-s-a-de-c-v,0,54
/proveedores/estaciones-de-radio/musica/19-radio-felicidad-df,0,54
/proveedores/buscar-por/country/70,0,54
/proveedores/556-north-american-mailing-services-s-de-r-l-de-c-v/contactar,0,54
/proveedores/marketing-digital/1235-agencia-digital-grupo-smart,0,54
/proveedores/television/casas-productoras/1634-productoras-la-casa-productora,0,54
/proveedores/buscar-por/country/2,0,53
/proveedores/buscar-por/state,0,53
/proveedores/revistas-media-kit/568-revista-progreso,0,53
/proveedores/buscar-por/city,0,52
/proveedores/investigacion-de-mercados/1577-investigacion-de-mercados-inmega,0,52
/proveedores/agencias/agencias-de-mercadotecnia/759-agencia-de-comunicacion-y-marketing-grupo-axius,0,52
/proveedores/buscar-por/country/45,0,52
/proveedores/agencias/rp-s/1205-agencia-de-relaciones-publicas-massideas,0,51
/proveedores/agencias/agencias-de-mercadotecnia/todo/pagina3,0,51
/component/mtree/buscar-por/city,0,50
/component/mtree/buscar-por/city,0,50
/proveedores/agencias/todo/pagina17,0,50
/proveedores/444-grupo-hiperformas-del-bajio-s-a-de-c-v/recomendar,0,49
/proveedores/diseno/diseno-y-desarrollo-web/1481-diseno-y-desarrollo-web-meximex,0,49
/proveedores/agencias/agencias-de-publicidad/pagina12,0,48
/component/mtree/diseno/fotografia,0,48
/proveedores/buscar-por/country/17,0,48
/proveedores/promocionales/articulos-promocionales/257-grupo-publicitario-cerle-s-de-rl-de-cv/contactar,0,47
/proveedores/agencias/agencias-de-publicidad/1117-agencia-de-publicidad-xpand-marketing-group,0,47
/proveedores/buscar-por/country/31,0,47
/component/mtree/buscar-por/city,0,46
/proveedores/agencias/todo/pagina9,0,46
/proveedores/agencias/agencias-de-publicidad/1084-agencia-de-publicidad-publicidad-global-mexico,0,46
/proveedores/estaciones-de-radio/noticias/20-la-1260-am-df,0,46
/proveedores/buscar-por/state,0,46
/proveedores/pagina4,0,45
/proveedores/agencias/agencias-de-promocion/970-agencia-de-promocion-red-promex,0,45
/proveedores/buscar-por/city,0,45
/proveedores/marketing-digital/823-agencia-de-marketing-digital-arena-media,0,45
/proveedores/buscar-por/city/5,0,45
/proveedores/agencias/agencias-de-mercadotecnia/765-agencia-de-comunicacion-y-marketing-llorente-y-cuenca,0,45
/component/mtree/promocionales/articulos-promocionales,0,45
/proveedores/pagina7,0,44
/proveedores/buscar-por/city,0,44
/proveedores/agencias/rp-s/1190-agencia-de-relaciones-publicas-eureka-y-co,0,44
/proveedores/agencias/agencias-de-promocion/931-agencia-de-promocion-circus-marketing/contactar,0,44
/proveedores/campanas-politicas,0,44
/component/mtree/television/casas-productoras/pagina6,0,44
/noticias/5044-que-compran-en-internet-las-mujeres-de-latinoamerica,0,44
/proveedores/diseno/206-fucar-arte-y-diseño,0,43
/proveedores/442-daisa-proyectos,0,43
/proveedores/buscar-por/country/32,0,43
/proveedores/agencias/agencias-de-medios/397-digital-multimedios,0,43
/proveedores/buscar-por/country/26,0,43
/proveedores/agencias/agencias-de-mercadotecnia/1326-agencias-de-marketing-matrix-marketing-oob,0,43
/proveedores/television/1516-estudio-de-animacion-cluster-studio,0,43
/proveedores/marketing-digital/832-agencia-de-marketing-digital-clicker-360,0,43
/proveedores/buscar-por/state,0,43
/proveedores/publicidad-exterior/mexibus/todo,0,42
/proveedores/impresion-y-artes-graficas/666-graphic-lab,0,42
/proveedores/diseno/diseno-multimedia/17-retro-studio-df,0,42
/proveedores/marketing-digital/1253-agencia-digital-render-farm-studios,0,42
/proveedores/buscar-por/state/53,0,41
/component/mtree/buscar-por/state,0,41
/proveedores/diseno/pagina3,0,41
/proveedores/agencias/agencias-de-mercadotecnia/38-emkt-mx,0,41
/proveedores/agencias/agencias-de-promocion/934-agencia-de-promocion-grupo-ctp,0,41
/listing/centro-banamex-df/,0,41
/proveedores/diseno/diseno-multimedia/1264-agencia-multimedia-concepto-movil,0,41
/proveedores/649-empresa-de-tecnologia-virtual-sa-de-cv,0,40
/proveedores/television/casas-productoras/1606-productoras-adicta-films,0,40
/proveedores/todo/pagina25,0,39
/proveedores/todo/pagina76,0,39
/component/mtree/buscar-por/state,0,39
/proveedores/agencias/agencias-de-promocion/966-agencia-de-promocion-proprom,0,38
/proveedores/agencias/agencias-de-mercadotecnia/1343-agencias-de-marketing-revolver-radical,0,38
/proveedores/agencias/agencias-de-publicidad/91-publicidad-de-aguinaga-s-a-de-c-v,0,38
/directorio/agencias/,0,38
/proveedores/buscar-por/country/31,0,38
/proveedores/161-xpres-xpresate-sa-de-cv,0,38
/proveedores/agencias/agencias-de-mercadotecnia/754-agencia-de-comunicacion-y-marketing-concepto-total,0,37
/proveedores/television/casas-productoras/1690-productoras-retro-studio,0,37
/proveedores/agencias/agencias-de-medios/898-agencia-de-medios-initiative,0,37
/proveedores/agencias/agencias-de-publicidad/625-trazo-corporativo-en-publicidad-sa-de-cv,0,37
/proveedores/buscar-por/state,0,37
/categoria/publicidad-negocios-mexico/,0,37
/proveedores/buscar-por/city,0,37
/proveedores/diseno,0,37
/proveedores/102-xm-comunicacion-sc,0,36
/proveedores/agencias/agencias-de-tecnologia/1224-agencia-de-tecnologia-tkinov/contactar,0,36
/proveedores/marketing-digital/1237-agencia-digital-hello-mexico,0,36
/component/mtree/agencias/agencias-de-recursos-humanos,0,36
/proveedores/agencias/agencias-de-mercadotecnia/1291-agencias-de-marketing-dharma-publicidad,0,35
/proveedores/promocionales/articulos-promocionales/257-grupo-publicitario-cerle-s-de-rl-de-cv,0,35
/proveedores/agencias/agencias-de-recursos-humanos/1175-agencia-de-recursos-humanos-rolling-personnel,0,35
/proveedores/television/casas-productoras/1613-productoras-arbol-cine,0,35
/equipo-interno-de-marketing-digital-o-agencia-externa-la-experiencia-del-sector-automotriz/,0,35
/component/mtree/buscar-por/city,0,35
/proveedores/278-grupo-integra,0,35
/proveedores/buscar-por/city,0,35
/noticias/5407-qs-world-university-rankings-by-subject-2017,0,35
/proveedores/stands-y-display/1725-stands-y-displays-instintos-creativos,0,34
/noticias/4786-asahi-kasei-chemicals-celebra-la-apertura-de-asahi-kasei-plastics-mexico-sa-de-cv,0,34
/component/mtree/buscar-por/state/54,0,34
/component/mtree/buscar-por/state,0,34
/proveedores/marketing-digital/850-agencia-de-marketing-digital-icrossing,0,34
/proveedores/agencias/agencias-de-mercadotecnia/773-agencia-de-comunicacion-y-marketing-teorus,0,34
/component/mtree/agencias/agencias-de-promocion/pagina2,0,34
/proveedores/agencias/rp-s/1191-agencia-de-relaciones-publicas-euroamerica,0,33
/proveedores/agencias/agencias-de-mercadotecnia/1340-agencias-de-marketing-punto-tres,0,33
/proveedores/marketing-digital/1234-agencia-digital-espora-estudio,0,33
/proveedores/agencias/agencias-de-mercadotecnia/1283-agencias-de-marketing-camaleon-marketing,0,33
/component/mtree/impresion-y-artes-graficas/todo/pagina5,0,33
